{
  "d3_p0.001": {
    "d": 3,
    "p": 0.001,
    "n": 60000,
    "pm_errs": 44,
    "pf_errs": 42,
    "lange_errs": 1925,
    "n_trivial": 50615,
    "pm_ler": 0.0007333333333333333,
    "pf_ler": 0.0007,
    "lange_ler": 0.03208333333333333,
    "lange_ok": true
  },
  "d3_p0.002": {
    "d": 3,
    "p": 0.002,
    "n": 60000,
    "pm_errs": 174,
    "pf_errs": 174,
    "lange_errs": 3668,
    "n_trivial": 42661,
    "pm_ler": 0.0029,
    "pf_ler": 0.0029,
    "lange_ler": 0.06113333333333333,
    "lange_ok": true
  },
  "d3_p0.003": {
    "d": 3,
    "p": 0.003,
    "n": 60000,
    "pm_errs": 391,
    "pf_errs": 333,
    "lange_errs": 5408,
    "n_trivial": 36323,
    "pm_ler": 0.006516666666666666,
    "pf_ler": 0.00555,
    "lange_ler": 0.09013333333333333,
    "lange_ok": true
  },
  "d3_p0.005": {
    "d": 3,
    "p": 0.005,
    "n": 60000,
    "pm_errs": 1072,
    "pf_errs": 1004,
    "lange_errs": 8621,
    "n_trivial": 25551,
    "pm_ler": 0.017866666666666666,
    "pf_ler": 0.016733333333333333,
    "lange_ler": 0.14368333333333333,
    "lange_ok": true
  },
  "d5_p0.001": {
    "d": 5,
    "p": 0.001,
    "n": 60000,
    "pm_errs": 9,
    "pf_errs": 4,
    "lange_errs": 3840,
    "n_trivial": 25388,
    "pm_ler": 0.00015,
    "pf_ler": 6.666666666666667e-05,
    "lange_ler": 0.064,
    "lange_ok": true
  },
  "d5_p0.002": {
    "d": 5,
    "p": 0.002,
    "n": 60000,
    "pm_errs": 68,
    "pf_errs": 36,
    "lange_errs": 7729,
    "n_trivial": 10784,
    "pm_ler": 0.0011333333333333334,
    "pf_ler": 0.0006,
    "lange_ler": 0.12881666666666666,
    "lange_ok": true
  },
  "d5_p0.003": {
    "d": 5,
    "p": 0.003,
    "n": 60000,
    "pm_errs": 191,
    "pf_errs": 137,
    "lange_errs": 11260,
    "n_trivial": 4653,
    "pm_ler": 0.003183333333333333,
    "pf_ler": 0.0022833333333333334,
    "lange_ler": 0.18766666666666668,
    "lange_ok": true
  },
  "d5_p0.005": {
    "d": 5,
    "p": 0.005,
    "n": 60000,
    "pm_errs": 805,
    "pf_errs": 654,
    "lange_errs": 16733,
    "n_trivial": 801,
    "pm_ler": 0.013416666666666667,
    "pf_ler": 0.0109,
    "lange_ler": 0.2788833333333333,
    "lange_ok": true
  },
  "d7_p0.001": {
    "d": 7,
    "p": 0.001,
    "n": 60000,
    "pm_errs": 1,
    "pf_errs": 0,
    "lange_errs": 6413,
    "n_trivial": 5338,
    "pm_ler": 1.6666666666666667e-05,
    "pf_ler": 0.0,
    "lange_ler": 0.10688333333333333,
    "lange_ok": true
  },
  "d7_p0.002": {
    "d": 7,
    "p": 0.002,
    "n": 60000,
    "pm_errs": 15,
    "pf_errs": 14,
    "lange_errs": 12055,
    "n_trivial": 397,
    "pm_ler": 0.00025,
    "pf_ler": 0.00023333333333333333,
    "lange_ler": 0.20091666666666666,
    "lange_ok": true
  },
  "d7_p0.003": {
    "d": 7,
    "p": 0.003,
    "n": 60000,
    "pm_errs": 70,
    "pf_errs": 65,
    "lange_errs": 16433,
    "n_trivial": 41,
    "pm_ler": 0.0011666666666666668,
    "pf_ler": 0.0010833333333333333,
    "lange_ler": 0.2738833333333333,
    "lange_ok": true
  },
  "d7_p0.005": {
    "d": 7,
    "p": 0.005,
    "n": 60000,
    "pm_errs": 606,
    "pf_errs": 614,
    "lange_errs": 21539,
    "n_trivial": 0,
    "pm_ler": 0.0101,
    "pf_ler": 0.010233333333333334,
    "lange_ler": 0.3589833333333333,
    "lange_ok": true
  }
}