{
  "d3_p0.007": {
    "d": 3,
    "p": 0.007,
    "pf_ler": 0.031166666666666665,
    "lange_ler": 0.0281,
    "pm_ler": 0.03278333333333333,
    "pf_ci": [
      0.029805969833770717,
      0.03258739532703592
    ],
    "lange_ci": [
      0.02680756563480178,
      0.02945285886441895
    ],
    "pm_ci": [
      0.0313881282522023,
      0.03423836323563602
    ],
    "total_n": 60000
  },
  "d3_p0.01": {
    "d": 3,
    "p": 0.01,
    "pf_ler": 0.05675,
    "lange_ler": 0.05225,
    "pm_ler": 0.05871666666666667,
    "pf_ci": [
      0.054926919837862055,
      0.05862983616824006
    ],
    "lange_ci": [
      0.0504978754691035,
      0.05405945674010624
    ],
    "pm_ci": [
      0.056863625924641475,
      0.06062621159269507
    ],
    "total_n": 60000
  },
  "d3_p0.015": {
    "d": 3,
    "p": 0.015,
    "pf_ler": 0.1123,
    "lange_ler": 0.10623333333333333,
    "pm_ler": 0.11568333333333333,
    "pf_ci": [
      0.10979837280152234,
      0.11485127029732882
    ],
    "lange_ci": [
      0.10379289159557745,
      0.1087241949770929
    ],
    "pm_ci": [
      0.11314861045939428,
      0.11826726608675003
    ],
    "total_n": 60000
  },
  "d5_p0.007": {
    "d": 5,
    "p": 0.007,
    "pf_ler": 0.029366666666666666,
    "lange_ler": 0.024866666666666665,
    "pm_ler": 0.03423333333333333,
    "pf_ci": [
      0.028045567214332854,
      0.030748028427716834
    ],
    "lange_ci": [
      0.0236507453788617,
      0.026143426466295624
    ],
    "pm_ci": [
      0.032807967114342494,
      0.03571833870805003
    ],
    "total_n": 60000
  },
  "d5_p0.01": {
    "d": 5,
    "p": 0.01,
    "pf_ler": 0.077,
    "lange_ler": 0.06866666666666667,
    "pm_ler": 0.08336666666666667,
    "pf_ci": [
      0.07489380207397815,
      0.0791603610181396
    ],
    "lange_ci": [
      0.06667064506337245,
      0.07071791840487054
    ],
    "pm_ci": [
      0.08118130474628311,
      0.08560537645847495
    ],
    "total_n": 60000
  },
  "d5_p0.015": {
    "d": 5,
    "p": 0.015,
    "pf_ler": 0.19676666666666667,
    "lange_ler": 0.18135,
    "pm_ler": 0.196,
    "pf_ci": [
      0.1936050248643657,
      0.19996713602207994
    ],
    "lange_ci": [
      0.1782873266800106,
      0.18445347490226674
    ],
    "pm_ci": [
      0.19284309526809518,
      0.19919583045295397
    ],
    "total_n": 60000
  },
  "d7_p0.007": {
    "d": 7,
    "p": 0.007,
    "pf_ler": 0.0405,
    "lange_ler": 0.029366666666666666,
    "pm_ler": 0.03436666666666666,
    "pf_ci": [
      0.03895183591282389,
      0.04210700082672246
    ],
    "lange_ci": [
      0.028045567214332854,
      0.030748028427716834
    ],
    "pm_ci": [
      0.032938562778025454,
      0.03585439263834907
    ],
    "total_n": 60000
  },
  "d7_p0.01": {
    "d": 7,
    "p": 0.01,
    "pf_ler": 0.13433333333333333,
    "lange_ler": 0.10463333333333333,
    "pm_ler": 0.10258333333333333,
    "pf_ci": [
      0.13162808207289642,
      0.13708540643147957
    ],
    "lange_ci": [
      0.10220944020063213,
      0.10710785124425426
    ],
    "pm_ci": [
      0.10018090454631333,
      0.1050366493910999
    ],
    "total_n": 60000
  },
  "d7_p0.015": {
    "d": 7,
    "p": 0.015,
    "pf_ler": 0.33208333333333334,
    "lange_ler": 0.3032666666666667,
    "pm_ler": 0.26915,
    "pf_ci": [
      0.3283257185347633,
      0.33586244904416057
    ],
    "lange_ci": [
      0.2996012366477352,
      0.3069572874318298
    ],
    "pm_ci": [
      0.26561597876803467,
      0.27271358045138705
    ],
    "total_n": 60000
  }
}