{
  "d3_p0.001": {
    "d": 3,
    "p": 0.001,
    "pf_ler": 0.0007,
    "lange_ler": 0.0006666666666666666,
    "pm_ler": 0.0007333333333333333,
    "pf_ci": [
      0.0005179424476346914,
      0.0009459904882858647
    ],
    "lange_ci": [
      0.0004896490282108303,
      0.0009076215092142268
    ],
    "pm_ci": [
      0.0005463520767743379,
      0.0009842432576417173
    ],
    "total_n": 60000
  },
  "d3_p0.002": {
    "d": 3,
    "p": 0.002,
    "pf_ler": 0.0029,
    "lange_ler": 0.0026,
    "pm_ler": 0.0029,
    "pf_ci": [
      0.002500386299308658,
      0.003363264937314831
    ],
    "lange_ci": [
      0.0022231395818231173,
      0.003040550068340881
    ],
    "pm_ci": [
      0.002500386299308658,
      0.003363264937314831
    ],
    "total_n": 60000
  },
  "d3_p0.003": {
    "d": 3,
    "p": 0.003,
    "pf_ler": 0.00555,
    "lange_ler": 0.0049833333333333335,
    "pm_ler": 0.006516666666666666,
    "pf_ci": [
      0.004986378464995901,
      0.006176933452019759
    ],
    "lange_ci": [
      0.004450702719387226,
      0.00557934842320495
    ],
    "pm_ci": [
      0.00590367321425448,
      0.007192848259130649
    ],
    "total_n": 60000
  },
  "d3_p0.005": {
    "d": 3,
    "p": 0.005,
    "pf_ler": 0.016733333333333333,
    "lange_ler": 0.015166666666666667,
    "pm_ler": 0.017866666666666666,
    "pf_ci": [
      0.015737461910810623,
      0.01779108470144495
    ],
    "lange_ci": [
      0.014219317719152831,
      0.016176096163814286
    ],
    "pm_ci": [
      0.01683716361300411,
      0.01895790454809843
    ],
    "total_n": 60000
  },
  "d5_p0.001": {
    "d": 5,
    "p": 0.001,
    "pf_ler": 6.666666666666667e-05,
    "lange_ler": 8.333333333333333e-05,
    "pm_ler": 0.00015,
    "pf_ci": [
      2.592524124105787e-05,
      0.00017142212326501735
    ],
    "lange_ci": [
      3.5595002454494236e-05,
      0.00019508356129933048
    ],
    "pm_ci": [
      7.891893610281754e-05,
      0.0002850844246420051
    ],
    "total_n": 60000
  },
  "d5_p0.002": {
    "d": 5,
    "p": 0.002,
    "pf_ler": 0.0006,
    "lange_ler": 0.0005333333333333334,
    "pm_ler": 0.0011333333333333334,
    "pf_ci": [
      0.0004334464064529865,
      0.0008304993339810727
    ],
    "lange_ci": [
      0.0003778279502502646,
      0.0007527929931927966
    ],
    "pm_ci": [
      0.0008941692021205342,
      0.0014363749142415091
    ],
    "total_n": 60000
  },
  "d5_p0.003": {
    "d": 5,
    "p": 0.003,
    "pf_ler": 0.0022833333333333334,
    "lange_ler": 0.0017333333333333333,
    "pm_ler": 0.003183333333333333,
    "pf_ci": [
      0.0019319668335168528,
      0.002698430030939905
    ],
    "lange_ci": [
      0.0014308719722352075,
      0.0020995953170458172
    ],
    "pm_ci": [
      0.0027632911586603776,
      0.003666990465174853
    ],
    "total_n": 60000
  },
  "d5_p0.005": {
    "d": 5,
    "p": 0.005,
    "pf_ler": 0.0109,
    "lange_ler": 0.0092,
    "pm_ler": 0.013416666666666667,
    "pf_ci": [
      0.010099917024468708,
      0.01176270985107454
    ],
    "lange_ci": [
      0.008466846504572962,
      0.009995998047699838
    ],
    "pm_ci": [
      0.012526724302115223,
      0.0143689136598382
    ],
    "total_n": 60000
  },
  "d7_p0.001": {
    "d": 7,
    "p": 0.001,
    "pf_ler": 0.0,
    "lange_ler": 0.0,
    "pm_ler": 1.6666666666666667e-05,
    "pf_ci": [
      6.776263578034403e-21,
      6.402256751507723e-05
    ],
    "lange_ci": [
      6.776263578034403e-21,
      6.402256751507723e-05
    ],
    "pm_ci": [
      2.9420062962339403e-06,
      9.44117604665928e-05
    ],
    "total_n": 60000
  },
  "d7_p0.002": {
    "d": 7,
    "p": 0.002,
    "pf_ler": 0.00023333333333333333,
    "lange_ler": 0.00018333333333333334,
    "pm_ler": 0.00025,
    "pf_ci": [
      0.0001390012196346065,
      0.00039165813734896366
    ],
    "lange_ci": [
      0.0001023758532604432,
      0.00032828990597987847
    ],
    "pm_ci": [
      0.00015151409828501131,
      0.00041247645794630837
    ],
    "total_n": 60000
  },
  "d7_p0.003": {
    "d": 7,
    "p": 0.003,
    "pf_ler": 0.0010833333333333333,
    "lange_ler": 0.0008166666666666667,
    "pm_ler": 0.0011666666666666668,
    "pf_ci": [
      0.0008501282613759306,
      0.001380422257242864
    ],
    "lange_ci": [
      0.0006178362052048616,
      0.001079415125449941
    ],
    "pm_ci": [
      0.0009236018039130555,
      0.0014736047109444868
    ],
    "total_n": 60000
  },
  "d7_p0.005": {
    "d": 7,
    "p": 0.005,
    "pf_ler": 0.010233333333333334,
    "lange_ler": 0.007,
    "pm_ler": 0.0101,
    "pf_ci": [
      0.00945880920981504,
      0.01107056969581823
    ],
    "lange_ci": [
      0.0063637180107270945,
      0.0076994082408427715
    ],
    "pm_ci": [
      0.009330689483595894,
      0.010932039828055377
    ],
    "total_n": 60000
  }
}