{
  "d9_p0.007_p007_ft": {
    "d": 9,
    "p": 0.007,
    "ckpt_tag": "p007_ft",
    "n": 60000,
    "pf_ler": 0.05851666666666667,
    "pf_ci": [
      0.056666645095858496,
      0.060423218030505065
    ],
    "lange_ler": 0.025916666666666668,
    "lange_ci": [
      0.024675338503953006,
      0.02721869889381254
    ],
    "pm_ler": 0.0314,
    "pm_ci": [
      0.030034262823543406,
      0.032825739126731715
    ],
    "majority_ler": 0.02455,
    "majority_ci": [
      0.023341854031680084,
      0.025819025027769997
    ]
  },
  "d7_p0.007_wide": {
    "d": 7,
    "p": 0.007,
    "ckpt_tag": "wide_H384",
    "n": 60000,
    "pf_ler": 0.02995,
    "pf_ci": [
      0.02861592624805314,
      0.03134426136766778
    ],
    "lange_ler": 0.0294,
    "lange_ci": [
      0.02807815539022335,
      0.030782102650321833
    ],
    "pm_ler": 0.033433333333333336,
    "pm_ci": [
      0.032024518457685495,
      0.034901889800815065
    ],
    "majority_ler": 0.02475,
    "majority_ci": [
      0.023536937076041993,
      0.02602391637438109
    ]
  },
  "d7_p0.01_wide": {
    "d": 7,
    "p": 0.01,
    "ckpt_tag": "wide_H384",
    "n": 60000,
    "pf_ler": 0.10688333333333333,
    "pf_ci": [
      0.10443621891012218,
      0.1093807844332104
    ],
    "lange_ler": 0.10821666666666667,
    "lange_ci": [
      0.1057559540919797,
      0.11072754519117285
    ],
    "pm_ler": 0.103,
    "pm_ci": [
      0.10059318443400789,
      0.10545764948459907
    ],
    "majority_ler": 0.09,
    "majority_ci": [
      0.08773624110799016,
      0.09231625739737218
    ]
  }
}