{
  "d9_p0.003_p003_lowlr": {
    "d": 9,
    "p": 0.003,
    "ckpt_tag": "p003_lowlr",
    "n": 60000,
    "pf_ler": 0.0037833333333333334,
    "pf_ci": [
      0.0033228508436559602,
      0.004307353953098252
    ],
    "lange_ler": 0.00016666666666666666,
    "lange_ci": [
      9.053454319563834e-05,
      0.00030680001679693383
    ],
    "pm_ler": 0.00046666666666666666,
    "pm_ci": [
      0.0003229037536969582,
      0.0006743923927551049
    ],
    "majority_ler": 0.00021666666666666666,
    "majority_ci": [
      0.00012662971822040335,
      0.00037069843951541726
    ],
    "oracle_lb": 5e-05
  },
  "d9_p0.005_p005_ft": {
    "d": 9,
    "p": 0.005,
    "ckpt_tag": "p005_ft",
    "n": 60000,
    "pf_ler": 0.014816666666666667,
    "pf_ci": [
      0.013880511262892201,
      0.01581494743587218
    ],
    "lange_ler": 0.0043,
    "lange_ci": [
      0.0038072167440822233,
      0.004856255229352223
    ],
    "pm_ler": 0.00645,
    "pm_ci": [
      0.005840286778513304,
      0.007122909897880827
    ],
    "majority_ler": 0.004383333333333334,
    "majority_ci": [
      0.0038855274102691044,
      0.00494460055940409
    ],
    "oracle_lb": 0.00145
  },
  "d9_p0.007_p005_ft": {
    "d": 9,
    "p": 0.007,
    "ckpt_tag": "p005_ft",
    "n": 60000,
    "pf_ler": 0.07051666666666667,
    "pf_ci": [
      0.06849549165445096,
      0.07259283493029225
    ],
    "lange_ler": 0.025916666666666668,
    "lange_ci": [
      0.024675338503953006,
      0.02721869889381254
    ],
    "pm_ler": 0.0314,
    "pm_ci": [
      0.030034262823543406,
      0.032825739126731715
    ],
    "majority_ler": 0.025033333333333335,
    "majority_ci": [
      0.0238133411528949,
      0.026314142684739923
    ],
    "oracle_lb": 0.00735
  }
}