{
  "d3_p0.003_B1": {
    "total_ms": 0.02190680243074894,
    "us_per_syn": 21.90680243074894
  },
  "d3_p0.003_B64": {
    "total_ms": 2.3155969101935625,
    "us_per_syn": 36.181201721774414
  },
  "d3_p0.003_B1024": {
    "total_ms": 2.821272937580943,
    "us_per_syn": 2.7551493531063898
  },
  "d3_p0.007_B1": {
    "total_ms": 1.9144429825246334,
    "us_per_syn": 1914.4429825246334
  },
  "d3_p0.007_B64": {
    "total_ms": 2.288792049512267,
    "us_per_syn": 35.762375773629174
  },
  "d3_p0.007_B1024": {
    "total_ms": 3.2573388889431953,
    "us_per_syn": 3.180995008733589
  },
  "d3_p0.01_B1": {
    "total_ms": 1.9148641731590033,
    "us_per_syn": 1914.8641731590033
  },
  "d3_p0.01_B64": {
    "total_ms": 2.246247138828039,
    "us_per_syn": 35.09761154418811
  },
  "d3_p0.01_B1024": {
    "total_ms": 3.4884039778262377,
    "us_per_syn": 3.4066445095959352
  },
  "d5_p0.003_B1": {
    "total_ms": 1.7511728219687939,
    "us_per_syn": 1751.1728219687939
  },
  "d5_p0.003_B64": {
    "total_ms": 2.3374599404633045,
    "us_per_syn": 36.52281156973913
  },
  "d5_p0.003_B1024": {
    "total_ms": 6.305955816060305,
    "us_per_syn": 6.158159976621391
  },
  "d5_p0.007_B1": {
    "total_ms": 2.190402941778302,
    "us_per_syn": 2190.402941778302
  },
  "d5_p0.007_B64": {
    "total_ms": 2.4293079040944576,
    "us_per_syn": 37.9579360014759
  },
  "d5_p0.007_B1024": {
    "total_ms": 9.450295940041542,
    "us_per_syn": 9.228804628946818
  },
  "d5_p0.01_B1": {
    "total_ms": 1.9744450692087412,
    "us_per_syn": 1974.4450692087412
  },
  "d5_p0.01_B64": {
    "total_ms": 2.506210934370756,
    "us_per_syn": 39.159545849543065
  },
  "d5_p0.01_B1024": {
    "total_ms": 11.298646917566657,
    "us_per_syn": 11.033834880436189
  },
  "d7_p0.003_B1": {
    "total_ms": 1.9115800969302654,
    "us_per_syn": 1911.5800969302654
  },
  "d7_p0.003_B64": {
    "total_ms": 2.7573329862207174,
    "us_per_syn": 43.08332790969871
  },
  "d7_p0.003_B1024": {
    "total_ms": 15.215024119243026,
    "us_per_syn": 14.858421991448267
  },
  "d7_p0.007_B1": {
    "total_ms": 1.9179999362677336,
    "us_per_syn": 1917.9999362677336
  },
  "d7_p0.007_B64": {
    "total_ms": 3.151383949443698,
    "us_per_syn": 49.24037421005778
  },
  "d7_p0.007_B1024": {
    "total_ms": 73.39513092301786,
    "us_per_syn": 71.67493254200963
  },
  "d7_p0.01_B1": {
    "total_ms": 2.035051118582487,
    "us_per_syn": 2035.051118582487
  },
  "d7_p0.01_B64": {
    "total_ms": 3.4309509210288525,
    "us_per_syn": 53.60860814107582
  },
  "d7_p0.01_B1024": {
    "total_ms": 28.72219798155129,
    "us_per_syn": 28.04902146635868
  }
}