{
  "seed1_d7_p0.007": {"seed": 1, "d": 7, "p": 0.007, "n": 60000, "pf_ler": 0.03361666666666667, "lange_ler": 0.0294, "pm_ler": 0.033433333333333336, "majority_ler": 0.024616666666666665, "oracle_lb": 0.01085},
  "seed1_d7_p0.01": {"seed": 1, "d": 7, "p": 0.01, "n": 60000, "pf_ler": 0.1198, "lange_ler": 0.10821666666666667, "pm_ler": 0.103, "majority_ler": 0.09133333333333334, "oracle_lb": 0.03648333333333333},
  "seed2_d7_p0.007": {"seed": 2, "d": 7, "p": 0.007, "n": 60000, "pf_ler": 0.0344, "lange_ler": 0.0294, "pm_ler": 0.033433333333333336, "majority_ler": 0.024766666666666666, "oracle_lb": 0.010816666666666667},
  "seed2_d7_p0.01": {"seed": 2, "d": 7, "p": 0.01, "n": 60000, "pf_ler": 0.11846666666666666, "lange_ler": 0.10821666666666667, "pm_ler": 0.103, "majority_ler": 0.09081666666666667, "oracle_lb": 0.03655},
  "seed3_d7_p0.007": {"seed": 3, "d": 7, "p": 0.007, "n": 60000, "pf_ler": 0.0339, "lange_ler": 0.0294, "pm_ler": 0.033433333333333336, "majority_ler": 0.024583333333333332, "oracle_lb": 0.010833333333333334},
  "seed3_d7_p0.01": {"seed": 3, "d": 7, "p": 0.01, "n": 60000, "pf_ler": 0.12095, "lange_ler": 0.10821666666666667, "pm_ler": 0.103, "majority_ler": 0.0919, "oracle_lb": 0.037116666666666666}
}
