{
  "_note": "Table-1 Pathfinder (original 3-parameter circuit-level noise training) evaluated on phenomenological noise. Tests whether the ORIGINAL paper's §5.7 generalization claim holds. 60K shots per point.",
  "d3_p0.003": {"d": 3, "p": 0.003, "n": 60000, "pf_ler": 0.0003333333333333333, "pf_ci": [0.00021580037274998104, 0.000514846179720086], "pm_ler": 0.00025, "pm_ci": [0.00015151409828501131, 0.00041247645794630837]},
  "d3_p0.005": {"d": 3, "p": 0.005, "n": 60000, "pf_ler": 0.00115, "pf_ci": [0.0009088785125948102, 0.001454996803014982], "pm_ler": 0.0007833333333333334, "pm_ci": [0.0005891678637795631, 0.0010414210683797405]},
  "d3_p0.007": {"d": 3, "p": 0.007, "n": 60000, "pf_ler": 0.002266666666666667, "pf_ci": [0.0019166894897166594, 0.0026803761754923493], "pm_ler": 0.0013333333333333333, "pm_ci": [0.0010715436261554358, 0.001658974881179601]},
  "d3_p0.01": {"d": 3, "p": 0.01, "n": 60000, "pf_ler": 0.003916666666666666, "pf_ci": [0.0034476461420979284, 0.004449208248638279], "pm_ler": 0.002116666666666667, "pm_ci": [0.0017794304470797658, 0.0025176544248994978]},
  "d3_p0.015": {"d": 3, "p": 0.015, "n": 60000, "pf_ler": 0.008233333333333334, "pf_ci": [0.007541097632085245, 0.008988537363818085], "pm_ler": 0.0047, "pm_ci": [0.00418353398558845, 0.0052798867697919855]},
  "d5_p0.003": {"d": 5, "p": 0.003, "n": 60000, "pf_ler": 6.666666666666667e-05, "pf_ci": [2.592524124105787e-05, 0.00017142212326501735], "pm_ler": 0.0, "pm_ci": [6.776263578034403e-21, 6.402256751507723e-05]},
  "d5_p0.005": {"d": 5, "p": 0.005, "n": 60000, "pf_ler": 0.00016666666666666666, "pf_ci": [9.053454319563834e-05, 0.00030680001679693383], "pm_ler": 8.333333333333333e-05, "pm_ci": [3.5595002454494236e-05, 0.00019508356129933048]},
  "d5_p0.007": {"d": 5, "p": 0.007, "n": 60000, "pf_ler": 0.0002666666666666667, "pf_ci": [0.00016415525890912925, 0.00043316649656993997], "pm_ler": 0.00011666666666666667, "pm_ci": [5.651478534297187e-05, 0.0002408261769063518]},
  "d5_p0.01": {"d": 5, "p": 0.01, "n": 60000, "pf_ler": 0.0006666666666666666, "pf_ci": [0.0004896490282108303, 0.0009076215092142268], "pm_ler": 0.00046666666666666666, "pm_ci": [0.0003229037536969582, 0.0006743923927551049]},
  "d5_p0.015": {"d": 5, "p": 0.015, "n": 60000, "pf_ler": 0.0033333333333333335, "pf_ci": [0.0029028452565617482, 0.003827417160503228], "pm_ler": 0.00135, "pm_ci": [0.0010864033121582046, 0.0016774463944245822]},
  "d7_p0.003": {"d": 7, "p": 0.003, "n": 60000, "pf_ler": 0.0, "pf_ci": [6.776263578034403e-21, 6.402256751507723e-05], "pm_ler": 0.0, "pm_ci": [6.776263578034403e-21, 6.402256751507723e-05]},
  "d7_p0.005": {"d": 7, "p": 0.005, "n": 60000, "pf_ler": 5e-05, "pf_ci": [1.7004346790902068e-05, 0.00014701181846742367], "pm_ler": 3.3333333333333335e-05, "pm_ci": [9.14105855384399e-06, 0.00012154390745673226]},
  "d7_p0.007": {"d": 7, "p": 0.007, "n": 60000, "pf_ler": 0.00011666666666666667, "pf_ci": [5.651478534297187e-05, 0.0002408261769063518], "pm_ler": 3.3333333333333335e-05, "pm_ci": [9.14105855384399e-06, 0.00012154390745673226]},
  "d7_p0.01": {"d": 7, "p": 0.01, "n": 60000, "pf_ler": 0.00028333333333333335, "pf_ci": [0.00017691351143143218, 0.0004537394432953865], "pm_ler": 3.3333333333333335e-05, "pm_ci": [9.14105855384399e-06, 0.00012154390745673226]},
  "d7_p0.015": {"d": 7, "p": 0.015, "n": 60000, "pf_ler": 0.0013833333333333334, "pf_ci": [0.0011161555720411599, 0.001714356533037126], "pm_ler": 0.0004, "pm_ci": [0.0002688235872739304, 0.0005951477621871348]}
}
