{
  "d3_p0.003": {
    "d": 3,
    "p": 0.003,
    "n": 60000,
    "pf_ler": 0.005716666666666667,
    "pf_ci": [
      0.0051442384272724125,
      0.006352385482220741
    ],
    "lange_ler": 0.00535,
    "lange_ci": [
      0.00479712521390094,
      0.005966212312141724
    ],
    "pm_ler": 0.00665,
    "pm_ci": [
      0.006030496843932771,
      0.007332674223434355
    ],
    "majority_ler": 0.005566666666666667,
    "majority_ci": [
      0.005002158486850583,
      0.006194484629412827
    ],
    "oracle_lb_all_three_wrong": 0.004266666666666667,
    "gate_pf_then_lange": {
      "1.0": 0.005383333333333334,
      "2.0": 0.00535,
      "3.0": 0.00535,
      "4.0": 0.00535
    },
    "gate_pf_then_pm": {
      "1.0": 0.0061,
      "2.0": 0.006483333333333333,
      "3.0": 0.00665,
      "4.0": 0.00665
    },
    "pathfinder_src": "/workspace/pathfinder/train/checkpoints/fixed_d3/best_model.pt",
    "both_wrong_pf_lange": 293,
    "pf_right_lange_wrong": 28,
    "pf_wrong_lange_right": 50
  },
  "d3_p0.005": {
    "d": 3,
    "p": 0.005,
    "n": 60000,
    "pf_ler": 0.015266666666666666,
    "pf_ci": [
      0.014316144383066602,
      0.016279256695387014
    ],
    "lange_ler": 0.014933333333333333,
    "lange_ci": [
      0.013993431569979389,
      0.01593534552351924
    ],
    "pm_ler": 0.017983333333333334,
    "pm_ci": [
      0.016950432688057668,
      0.01907795386777912
    ],
    "majority_ler": 0.015366666666666667,
    "majority_ci": [
      0.01441298188222266,
      0.016382406391717452
    ],
    "oracle_lb_all_three_wrong": 0.01155,
    "gate_pf_then_lange": {
      "1.0": 0.014916666666666667,
      "2.0": 0.014983333333333333,
      "3.0": 0.01495,
      "4.0": 0.01495
    },
    "gate_pf_then_pm": {
      "1.0": 0.016916666666666667,
      "2.0": 0.0178,
      "3.0": 0.017983333333333334,
      "4.0": 0.018
    },
    "pathfinder_src": "/workspace/pathfinder/train/checkpoints/fixed_d3/best_model.pt",
    "both_wrong_pf_lange": 793,
    "pf_right_lange_wrong": 103,
    "pf_wrong_lange_right": 123
  },
  "d3_p0.007": {
    "d": 3,
    "p": 0.007,
    "n": 60000,
    "pf_ler": 0.028166666666666666,
    "pf_ci": [
      0.02687270629582432,
      0.02952104300038741
    ],
    "lange_ler": 0.027133333333333332,
    "lange_ci": [
      0.02586325073718072,
      0.028463964205670534
    ],
    "pm_ler": 0.03205,
    "pm_ci": [
      0.030670329369751254,
      0.03348958935118611
    ],
    "majority_ler": 0.027566666666666666,
    "majority_ci": [
      0.02628651177898548,
      0.028907314344307267
    ],
    "oracle_lb_all_three_wrong": 0.020416666666666666,
    "gate_pf_then_lange": {
      "1.0": 0.027183333333333334,
      "2.0": 0.027133333333333332,
      "3.0": 0.02715,
      "4.0": 0.027133333333333332
    },
    "gate_pf_then_pm": {
      "1.0": 0.03055,
      "2.0": 0.031683333333333334,
      "3.0": 0.03203333333333333,
      "4.0": 0.03205
    },
    "pathfinder_src": "/workspace/pathfinder/train/checkpoints/fixed_d3/best_model.pt",
    "both_wrong_pf_lange": 1431,
    "pf_right_lange_wrong": 197,
    "pf_wrong_lange_right": 259
  },
  "d3_p0.01": {
    "d": 3,
    "p": 0.01,
    "n": 60000,
    "pf_ler": 0.05301666666666666,
    "pf_ci": [
      0.051252205457417065,
      0.05483836191718915
    ],
    "lange_ler": 0.0514,
    "lange_ci": [
      0.04966167785981747,
      0.05319576318775705
    ],
    "pm_ler": 0.05851666666666667,
    "pm_ci": [
      0.056666645095858496,
      0.060423218030505065
    ],
    "majority_ler": 0.0518,
    "majority_ci": [
      0.05005516609307312,
      0.05360222373644738
    ],
    "oracle_lb_all_three_wrong": 0.03913333333333333,
    "gate_pf_then_lange": {
      "1.0": 0.05143333333333333,
      "2.0": 0.051283333333333334,
      "3.0": 0.05143333333333333,
      "4.0": 0.05145
    },
    "gate_pf_then_pm": {
      "1.0": 0.05583333333333333,
      "2.0": 0.05815,
      "3.0": 0.05856666666666667,
      "4.0": 0.05856666666666667
    },
    "pathfinder_src": "/workspace/pathfinder/train/checkpoints/fixed_d3/best_model.pt",
    "both_wrong_pf_lange": 2696,
    "pf_right_lange_wrong": 388,
    "pf_wrong_lange_right": 485
  },
  "d5_p0.003": {
    "d": 5,
    "p": 0.003,
    "n": 60000,
    "pf_ler": 0.0024,
    "pf_ci": [
      0.00203904686012661,
      0.0028246683990643937
    ],
    "lange_ler": 0.0019166666666666666,
    "lange_ci": [
      0.001597141512546324,
      0.0022999689684599454
    ],
    "pm_ler": 0.0034,
    "pm_ci": [
      0.0029649451711104627,
      0.0038986420429455108
    ],
    "majority_ler": 0.0020666666666666667,
    "majority_ci": [
      0.001733777042725085,
      0.0024633142315109292
    ],
    "oracle_lb_all_three_wrong": 0.0012166666666666667,
    "gate_pf_then_lange": {
      "1.0": 0.0019666666666666665,
      "2.0": 0.0019166666666666666,
      "3.0": 0.0018833333333333334,
      "4.0": 0.0019
    },
    "gate_pf_then_pm": {
      "1.0": 0.00245,
      "2.0": 0.00275,
      "3.0": 0.00305,
      "4.0": 0.0032166666666666667
    },
    "pathfinder_src": "/workspace/pathfinder/train/checkpoints/fixed_d5/best_model.pt",
    "both_wrong_pf_lange": 90,
    "pf_right_lange_wrong": 25,
    "pf_wrong_lange_right": 54
  },
  "d5_p0.005": {
    "d": 5,
    "p": 0.005,
    "n": 60000,
    "pf_ler": 0.011416666666666667,
    "pf_ci": [
      0.010597324869030908,
      0.012298569183192574
    ],
    "lange_ler": 0.009566666666666666,
    "lange_ci": [
      0.00881857266432705,
      0.010377558271396239
    ],
    "pm_ler": 0.014283333333333334,
    "pm_ci": [
      0.013364503211490325,
      0.01526435711134607
    ],
    "majority_ler": 0.0101,
    "majority_ci": [
      0.009330689483595894,
      0.010932039828055377
    ],
    "oracle_lb_all_three_wrong": 0.00565,
    "gate_pf_then_lange": {
      "1.0": 0.009716666666666667,
      "2.0": 0.0094,
      "3.0": 0.0095,
      "4.0": 0.00955
    },
    "gate_pf_then_pm": {
      "1.0": 0.011416666666666667,
      "2.0": 0.012483333333333334,
      "3.0": 0.0134,
      "4.0": 0.013883333333333333
    },
    "pathfinder_src": "/workspace/pathfinder/train/checkpoints/fixed_d5/best_model.pt",
    "both_wrong_pf_lange": 436,
    "pf_right_lange_wrong": 138,
    "pf_wrong_lange_right": 249
  },
  "d5_p0.007": {
    "d": 5,
    "p": 0.007,
    "n": 60000,
    "pf_ler": 0.0304,
    "pf_ci": [
      0.029056011556040373,
      0.03180411843936978
    ],
    "lange_ler": 0.0258,
    "lange_ci": [
      0.024561467087092528,
      0.02709925191593877
    ],
    "pm_ler": 0.03546666666666667,
    "pm_ci": [
      0.03401619832050935,
      0.03697661624621665
    ],
    "majority_ler": 0.026566666666666666,
    "majority_ci": [
      0.025309887893025098,
      0.027884066275402675
    ],
    "oracle_lb_all_three_wrong": 0.015716666666666667,
    "gate_pf_then_lange": {
      "1.0": 0.02605,
      "2.0": 0.025616666666666666,
      "3.0": 0.025733333333333334,
      "4.0": 0.025766666666666667
    },
    "gate_pf_then_pm": {
      "1.0": 0.029116666666666666,
      "2.0": 0.0311,
      "3.0": 0.033633333333333335,
      "4.0": 0.03496666666666667
    },
    "pathfinder_src": "/workspace/pathfinder/train/checkpoints/fixed_d5/best_model.pt",
    "both_wrong_pf_lange": 1188,
    "pf_right_lange_wrong": 360,
    "pf_wrong_lange_right": 636
  },
  "d5_p0.01": {
    "d": 5,
    "p": 0.01,
    "n": 60000,
    "pf_ler": 0.07656666666666667,
    "pf_ci": [
      0.07446600714458139,
      0.07872154476709488
    ],
    "lange_ler": 0.06771666666666666,
    "lange_ci": [
      0.06573372515547067,
      0.06975495995565058
    ],
    "pm_ler": 0.08273333333333334,
    "pm_ci": [
      0.08055566760263683,
      0.08496442803070675
    ],
    "majority_ler": 0.0666,
    "majority_ci": [
      0.06463257897331366,
      0.06862291578820841
    ],
    "oracle_lb_all_three_wrong": 0.03615,
    "gate_pf_then_lange": {
      "1.0": 0.06836666666666667,
      "2.0": 0.06693333333333333,