{
  "d7_p0.0005": {
    "d": 7,
    "p": 0.0005,
    "n": 100000,
    "n_pf_seeds": 3,
    "pf_ler": 0.0,
    "pf_ci": [
      0.0,
      3.8414524267635735e-05
    ],
    "lange_ler": 0.0,
    "lange_ci": [
      0.0,
      3.8414524267635735e-05
    ],
    "pm_ler": 1e-05,
    "pm_ci": [
      1.765202323777592e-06,
      5.664855365337279e-05
    ],
    "majority_ler": 0.0,
    "majority_ci": [
      0.0,
      3.8414524267635735e-05
    ],
    "oracle_lb": 0.0
  },
  "d7_p0.001": {
    "d": 7,
    "p": 0.001,
    "n": 100000,
    "n_pf_seeds": 3,
    "pf_ler": 0.0,
    "pf_ci": [
      0.0,
      3.8414524267635735e-05
    ],
    "lange_ler": 0.0,
    "lange_ci": [
      0.0,
      3.8414524267635735e-05
    ],
    "pm_ler": 1e-05,
    "pm_ci": [
      1.765202323777592e-06,
      5.664855365337279e-05
    ],
    "majority_ler": 0.0,
    "majority_ci": [
      0.0,
      3.8414524267635735e-05
    ],
    "oracle_lb": 0.0
  },
  "d7_p0.002": {
    "d": 7,
    "p": 0.002,
    "n": 100000,
    "n_pf_seeds": 3,
    "pf_ler": 0.00017,
    "pf_ci": [
      0.00010614636969491827,
      0.0002722550936344665
    ],
    "lange_ler": 0.00017,
    "lange_ci": [
      0.00010614636969491827,
      0.0002722550936344665
    ],
    "pm_ler": 0.00022,
    "pm_ci": [
      0.00014529497492867178,
      0.0003331026469482862
    ],
    "majority_ler": 0.00017,
    "majority_ci": [
      0.00010614636969491827,
      0.0002722550936344665
    ],
    "oracle_lb": 6e-05
  },
  "d7_p0.003": {
    "d": 7,
    "p": 0.003,
    "n": 100000,
    "n_pf_seeds": 3,
    "pf_ler": 0.00104,
    "pf_ci": [
      0.0008584761505332562,
      0.0012598584715239026
    ],
    "lange_ler": 0.00086,
    "lange_ci": [
      0.0006964839675090641,
      0.0010618644837768313
    ],
    "pm_ler": 0.00152,
    "pm_ci": [
      0.0012969340845831044,
      0.001781363659530758
    ],
    "majority_ler": 0.00091,
    "majority_ci": [
      0.000741308036648863,
      0.0011170365731846058
    ],
    "oracle_lb": 0.00049
  },
  "d7_p0.005": {
    "d": 7,
    "p": 0.005,
    "n": 100000,
    "n_pf_seeds": 3,
    "pf_ler": 0.00689,
    "pf_ci": [
      0.006395901383395369,
      0.007421983788727858
    ],
    "lange_ler": 0.00727,
    "lange_ci": [
      0.006762048931104817,
      0.007815807045979967
    ],
    "pm_ler": 0.00984,
    "pm_ci": [
      0.009246755778586071,
      0.010470902747843977
    ],
    "majority_ler": 0.00633,
    "majority_ci": [
      0.005857045052108285,
      0.006840883144282122
    ],
    "oracle_lb": 0.00338
  },
  "d7_p0.007": {
    "d": 7,
    "p": 0.007,
    "n": 100000,
    "n_pf_seeds": 3,
    "pf_ler": 0.02558,
    "pf_ci": [
      0.02461953179346722,
      0.02657691744373888
    ],
    "lange_ler": 0.02956,
    "lange_ci": [
      0.028528170038503085,
      0.030627973419089845
    ],
    "pm_ler": 0.03366,
    "pm_ci": [
      0.03255995612650483,
      0.034795872331989115
    ],
    "majority_ler": 0.02405,
    "majority_ci": [
      0.023118554729354857,
      0.025018012056295506
    ],
    "oracle_lb": 0.01274
  },
  "d7_p0.01": {
    "d": 7,
    "p": 0.01,
    "n": 100000,
    "n_pf_seeds": 3,
    "pf_ler": 0.09293,
    "pf_ci": [
      0.09114609328674526,
      0.094745181514042
    ],
    "lange_ler": 0.10764,
    "lange_ci": [
      0.10573411378833543,
      0.10957603085714789
    ],
    "pm_ler": 0.10307,
    "pm_ci": [
      0.10120069920425305,
      0.10496979654998205
    ],
    "majority_ler": 0.08736,
    "majority_ci": [
      0.08562571614382551,
      0.08912598659476208
    ],
    "oracle_lb": 0.04236
  },
  "d7_p0.015": {
    "d": 7,
    "p": 0.015,
    "n": 100000,
    "n_pf_seeds": 3,
    "pf_ler": 0.27108,
    "pf_ci": [
      0.2683336859432201,
      0.2738439017625705
    ],
    "lange_ler": 0.302,
    "lange_ci": [
      0.29916196275488266,
      0.30485324939672725
    ],
    "pm_ler": 0.27163,
    "pm_ci": [
      0.26888191203916323,
      0.27439563341065076
    ],
    "majority_ler": 0.25683,
    "majority_ci": [
      0.2541315369529802,
      0.2595471455667522
    ],
    "oracle_lb": 0.10641
  }
}