{
  "d7_p0.0005": {
    "d": 7,
    "p": 0.0005,
    "n": 100000,
    "n_pf_seeds": 7,
    "pf_ler": 0.0,
    "pf_ci": [
      0.0,
      3.8414524267635735e-05
    ],
    "lange_ler": 0.0,
    "lange_ci": [
      0.0,
      3.8414524267635735e-05
    ],
    "pm_ler": 1e-05,
    "pm_ci": [
      1.765202323777592e-06,
      5.664855365337279e-05
    ],
    "majority_ler": 0.0,
    "majority_ci": [
      0.0,
      3.8414524267635735e-05
    ],
    "oracle_lb": 0.0
  },
  "d7_p0.001": {
    "d": 7,
    "p": 0.001,
    "n": 100000,
    "n_pf_seeds": 7,
    "pf_ler": 0.0,
    "pf_ci": [
      0.0,
      3.8414524267635735e-05
    ],
    "lange_ler": 0.0,
    "lange_ci": [
      0.0,
      3.8414524267635735e-05
    ],
    "pm_ler": 1e-05,
    "pm_ci": [
      1.765202323777592e-06,
      5.664855365337279e-05
    ],
    "majority_ler": 0.0,
    "majority_ci": [
      0.0,
      3.8414524267635735e-05
    ],
    "oracle_lb": 0.0
  },
  "d7_p0.002": {
    "d": 7,
    "p": 0.002,
    "n": 100000,
    "n_pf_seeds": 7,
    "pf_ler": 0.00013,
    "pf_ci": [
      7.597682147262574e-05,
      0.0002224277150187004
    ],
    "lange_ler": 0.00017,
    "lange_ci": [
      0.00010614636969491827,
      0.0002722550936344665
    ],
    "pm_ler": 0.00022,
    "pm_ci": [
      0.00014529497492867178,
      0.0003331026469482862
    ],
    "majority_ler": 0.00015,
    "majority_ci": [
      9.090710734703477e-05,
      0.00024749589256332065
    ],
    "oracle_lb": 6e-05
  },
  "d7_p0.003": {
    "d": 7,
    "p": 0.003,
    "n": 100000,
    "n_pf_seeds": 7,
    "pf_ler": 0.00106,
    "pf_ci": [
      0.0008765743673591869,
      0.0012817587181170014
    ],
    "lange_ler": 0.00086,
    "lange_ci": [
      0.0006964839675090641,
      0.0010618644837768313
    ],
    "pm_ler": 0.00152,
    "pm_ci": [
      0.0012969340845831044,
      0.001781363659530758
    ],
    "majority_ler": 0.00096,
    "majority_ci": [
      0.0007862713326081522,
      0.00117206943577289
    ],
    "oracle_lb": 0.00049
  },
  "d7_p0.005": {
    "d": 7,
    "p": 0.005,
    "n": 100000,
    "n_pf_seeds": 7,
    "pf_ler": 0.00663,
    "pf_ci": [
      0.006145604868421749,
      0.007152300279254097
    ],
    "lange_ler": 0.00727,
    "lange_ci": [
      0.006762048931104817,
      0.007815807045979967
    ],
    "pm_ler": 0.00984,
    "pm_ci": [
      0.009246755778586071,
      0.010470902747843977
    ],
    "majority_ler": 0.00639,
    "majority_ci": [
      0.005914735312871823,
      0.006903188273775672
    ],
    "oracle_lb": 0.00335
  },
  "d7_p0.007": {
    "d": 7,
    "p": 0.007,
    "n": 100000,
    "n_pf_seeds": 7,
    "pf_ler": 0.02458,
    "pf_ci": [
      0.0236383914813571,
      0.025558134584897536
    ],
    "lange_ler": 0.02956,
    "lange_ci": [
      0.028528170038503085,
      0.030627973419089845
    ],
    "pm_ler": 0.03366,
    "pm_ci": [
      0.03255995612650483,
      0.034795872331989115
    ],
    "majority_ler": 0.02399,
    "majority_ci": [
      0.023059712836460942,
      0.024956858558932333
    ],
    "oracle_lb": 0.01273
  },
  "d7_p0.01": {
    "d": 7,
    "p": 0.01,
    "n": 100000,
    "n_pf_seeds": 7,
    "pf_ler": 0.08837,
    "pf_ci": [
      0.08662656481711616,
      0.09014506032413246
    ],
    "lange_ler": 0.10764,
    "lange_ci": [
      0.10573411378833543,
      0.10957603085714789
    ],
    "pm_ler": 0.10307,
    "pm_ci": [
      0.10120069920425305,
      0.10496979654998205
    ],
    "majority_ler": 0.08554,
    "majority_ci": [
      0.08382238463851611,
      0.08728945792893984
    ],
    "oracle_lb": 0.04279
  },
  "d7_p0.015": {
    "d": 7,
    "p": 0.015,
    "n": 100000,
    "n_pf_seeds": 7,
    "pf_ler": 0.26337,
    "pf_ci": [
      0.2606491193033452,
      0.26610906075440965
    ],
    "lange_ler": 0.302,
    "lange_ci": [
      0.29916196275488266,
      0.30485324939672725
    ],
    "pm_ler": 0.27163,
    "pm_ci": [
      0.26888191203916323,
      0.27439563341065076
    ],
    "majority_ler": 0.25499,
    "majority_ci": [
      0.2522979864675134,
      0.2577008374176682
    ],
    "oracle_lb": 0.10879
  }
}