{
  "d7_p0.0005": {
    "d": 7,
    "p": 0.0005,
    "n": 100000,
    "n_pf_seeds": 3,
    "pf_ler": 0.0,
    "pf_ci": [
      0.0,
      3.8414524267635735e-05
    ],
    "lange_ler": 0.0,
    "lange_ci": [
      0.0,
      3.8414524267635735e-05
    ],
    "pm_ler": 1e-05,
    "pm_ci": [
      1.765202323777592e-06,
      5.664855365337279e-05
    ],
    "majority_ler": 0.0,
    "majority_ci": [
      0.0,
      3.8414524267635735e-05
    ],
    "oracle_lb": 0.0
  },
  "d7_p0.001": {
    "d": 7,
    "p": 0.001,
    "n": 100000,
    "n_pf_seeds": 3,
    "pf_ler": 0.0,
    "pf_ci": [
      0.0,
      3.8414524267635735e-05
    ],
    "lange_ler": 0.0,
    "lange_ci": [
      0.0,
      3.8414524267635735e-05
    ],
    "pm_ler": 1e-05,
    "pm_ci": [
      1.765202323777592e-06,
      5.664855365337279e-05
    ],
    "majority_ler": 0.0,
    "majority_ci": [
      0.0,
      3.8414524267635735e-05
    ],
    "oracle_lb": 0.0
  },
  "d7_p0.002": {
    "d": 7,
    "p": 0.002,
    "n": 100000,
    "n_pf_seeds": 3,
    "pf_ler": 0.00014,
    "pf_ci": [
      8.339955678918715e-05,
      0.00023500421141165362
    ],
    "lange_ler": 0.00017,
    "lange_ci": [
      0.00010614636969491827,
      0.0002722550936344665
    ],
    "pm_ler": 0.00022,
    "pm_ci": [
      0.00014529497492867178,
      0.0003331026469482862
    ],
    "majority_ler": 0.00015,
    "majority_ci": [
      9.090710734703477e-05,
      0.00024749589256332065
    ],
    "oracle_lb": 6e-05
  },
  "d7_p0.003": {
    "d": 7,
    "p": 0.003,
    "n": 100000,
    "n_pf_seeds": 3,
    "pf_ler": 0.001,
    "pf_ci": [
      0.0008223350231228877,
      0.0012160026720962128
    ],
    "lange_ler": 0.00086,
    "lange_ci": [
      0.0006964839675090641,
      0.0010618644837768313
    ],
    "pm_ler": 0.00152,
    "pm_ci": [
      0.0012969340845831044,
      0.001781363659530758
    ],
    "majority_ler": 0.00089,
    "majority_ci": [
      0.0007233610574769855,
      0.001094985088937454
    ],
    "oracle_lb": 0.00049
  },
  "d7_p0.005": {
    "d": 7,
    "p": 0.005,
    "n": 100000,
    "n_pf_seeds": 3,
    "pf_ler": 0.0067,
    "pf_ci": [
      0.006212973617854559,
      0.007224926151787891
    ],
    "lange_ler": 0.00727,
    "lange_ci": [
      0.006762048931104817,
      0.007815807045979967
    ],
    "pm_ler": 0.00984,
    "pm_ci": [
      0.009246755778586071,
      0.010470902747843977
    ],
    "majority_ler": 0.00641,
    "majority_ci": [
      0.005933967852139639,
      0.006923954197926885
    ],
    "oracle_lb": 0.00335
  },
  "d7_p0.007": {
    "d": 7,
    "p": 0.007,
    "n": 100000,
    "n_pf_seeds": 3,
    "pf_ler": 0.02507,
    "pf_ci": [
      0.02411909960890327,
      0.026057388811117587
    ],
    "lange_ler": 0.02956,
    "lange_ci": [
      0.028528170038503085,
      0.030627973419089845
    ],
    "pm_ler": 0.03366,
    "pm_ci": [
      0.03255995612650483,
      0.034795872331989115
    ],
    "majority_ler": 0.02393,
    "majority_ci": [
      0.0230008724995523,
      0.024895703505583885
    ],
    "oracle_lb": 0.01256
  },
  "d7_p0.01": {
    "d": 7,
    "p": 0.01,
    "n": 100000,
    "n_pf_seeds": 3,
    "pf_ler": 0.09048,
    "pf_ci": [
      0.08871766849005362,
      0.09227379454190256
    ],
    "lange_ler": 0.10764,
    "lange_ci": [
      0.10573411378833543,
      0.10957603085714789
    ],
    "pm_ler": 0.10307,
    "pm_ci": [
      0.10120069920425305,
      0.10496979654998205
    ],
    "majority_ler": 0.08588,
    "majority_ci": [
      0.08415925312842436,
      0.08763256331715509
    ],
    "oracle_lb": 0.04218
  },
  "d7_p0.015": {
    "d": 7,
    "p": 0.015,
    "n": 100000,
    "n_pf_seeds": 3,
    "pf_ler": 0.26942,
    "pf_ci": [
      0.26667907230704374,
      0.27217864293496746
    ],
    "lange_ler": 0.302,
    "lange_ci": [
      0.29916196275488266,
      0.30485324939672725
    ],
    "pm_ler": 0.27163,
    "pm_ci": [
      0.26888191203916323,
      0.27439563341065076
    ],
    "majority_ler": 0.25813,
    "majority_ci": [
      0.25542701818042407,
      0.26085156446154517
    ],
    "oracle_lb": 0.1063
  }
}