{
  "d3_p0.0005": {
    "d": 3,
    "p": 0.0005,
    "n": 100000,
    "n_pf_seeds": 1,
    "pf_ler": 0.00017,
    "pf_ci": [
      0.00010614636969491827,
      0.0002722550936344665
    ],
    "lange_ler": 0.00014,
    "lange_ci": [
      8.339955678918715e-05,
      0.00023500421141165362
    ],
    "pm_ler": 0.00013,
    "pm_ci": [
      7.597682147262574e-05,
      0.0002224277150187004
    ],
    "majority_ler": 0.00015,
    "majority_ci": [
      9.090710734703477e-05,
      0.00024749589256332065
    ],
    "oracle_lb": 7e-05
  },
  "d3_p0.001": {
    "d": 3,
    "p": 0.001,
    "n": 100000,
    "n_pf_seeds": 1,
    "pf_ler": 0.00068,
    "pf_ci": [
      0.000536478866863421,
      0.000861883413651211
    ],
    "lange_ler": 0.00065,
    "lange_ci": [
      0.0005100560189654731,
      0.0008283085664206147
    ],
    "pm_ler": 0.00078,
    "pm_ci": [
      0.0006250861550851598,
      0.0009732684425246184
    ],
    "majority_ler": 0.00067,
    "majority_ci": [
      0.000527662429996423,
      0.0008507006188086943
    ],
    "oracle_lb": 0.00053
  },
  "d3_p0.002": {
    "d": 3,
    "p": 0.002,
    "n": 100000,
    "n_pf_seeds": 1,
    "pf_ler": 0.00239,
    "pf_ci": [
      0.00210587184327944,
      0.0027123590595621973
    ],
    "lange_ler": 0.00215,
    "lange_ci": [
      0.00188141056093934,
      0.0024568387808739447
    ],
    "pm_ler": 0.00288,
    "pm_ci": [
      0.0025664107619475644,
      0.0032317824946602905
    ],
    "majority_ler": 0.00231,
    "majority_ci": [
      0.002030960705135549,
      0.0026272763440299707
    ],
    "oracle_lb": 0.00173
  },
  "d3_p0.003": {
    "d": 3,
    "p": 0.003,
    "n": 100000,
    "n_pf_seeds": 1,
    "pf_ler": 0.00559,
    "pf_ci": [
      0.005146501956645783,
      0.006071483093240541
    ],
    "lange_ler": 0.00517,
    "lange_ci": [
      0.004744106825371469,
      0.005633910492715239
    ],
    "pm_ler": 0.00659,
    "pm_ci": [
      0.006107114790094009,
      0.007110793430743781
    ],
    "majority_ler": 0.00542,
    "majority_ci": [
      0.004983544112298867,
      0.005894453998525708
    ],
    "oracle_lb": 0.00418
  },
  "d3_p0.005": {
    "d": 3,
    "p": 0.005,
    "n": 100000,
    "n_pf_seeds": 1,
    "pf_ler": 0.01496,
    "pf_ci": [
      0.014226016327957804,
      0.015731248833743744
    ],
    "lange_ler": 0.0146,
    "lange_ci": [
      0.013874999112684135,
      0.015362293707474887
    ],
    "pm_ler": 0.01728,
    "pm_ci": [
      0.016490659603802058,
      0.01810642731450689
    ],
    "majority_ler": 0.01499,
    "majority_ci": [
      0.014255272880675489,
      0.015761989976154602
    ],
    "oracle_lb": 0.01124
  },
  "d3_p0.007": {
    "d": 3,
    "p": 0.007,
    "n": 100000,
    "n_pf_seeds": 1,
    "pf_ler": 0.02871,
    "pf_ci": [
      0.027692949780578503,
      0.029763258981705686
    ],
    "lange_ler": 0.02782,
    "lange_ci": [
      0.026818682803692352,
      0.028857594336445032
    ],
    "pm_ler": 0.03228,
    "pm_ci": [
      0.031202377996958797,
      0.03339355648562213
    ],
    "majority_ler": 0.02809,
    "majority_ci": [
      0.02708388129878148,
      0.029132375097512802
    ],
    "oracle_lb": 0.02103
  },
  "d3_p0.01": {
    "d": 3,
    "p": 0.01,
    "n": 100000,
    "n_pf_seeds": 1,
    "pf_ler": 0.05328,
    "pf_ci": [
      0.05190505034540574,
      0.054689270727155945
    ],
    "lange_ler": 0.05133,
    "lange_ci": [
      0.04997942654078664,
      0.05271504434841968
    ],
    "pm_ler": 0.05821,
    "pm_ci": [
      0.056775684294017914,
      0.05967825801133449
    ],
    "majority_ler": 0.05183,
    "majority_ci": [
      0.050473125128058474,
      0.053221307346623586
    ],
    "oracle_lb": 0.03925
  },
  "d3_p0.015": {
    "d": 3,
    "p": 0.015,
    "n": 100000,
    "n_pf_seeds": 1,
    "pf_ler": 0.10799,
    "pf_ci": [
      0.106081357443981,
      0.10992876031133533
    ],
    "lange_ler": 0.10527,
    "lange_ci": [
      0.10338294732504107,
      0.10718737940528729
    ],
    "pm_ler": 0.11523,
    "pm_ci": [
      0.11326572596741226,
      0.11722383554559267
    ],
    "majority_ler": 0.10559,
    "majority_ci": [
      0.10370038701607405,
      0.10750991512895876
    ],
    "oracle_lb": 0.07719
  },
  "d5_p0.0005": {
    "d": 5,
    "p": 0.0005,
    "n": 100000,
    "n_pf_seeds": 1,
    "pf_ler": 1e-05,
    "pf_ci": [
      1.765202323777592e-06,
      5.664855365337279e-05
    ],
    "lange_ler": 1e-05,
    "lange_ci": [
      1.765202323777592e-06,
      5.664855365337279e-05
    ],
    "pm_ler": 4e-05,
    "pm_ci": [
      1.5555073765297794e-05,
      0.00010285637734039654
    ],
    "majority_ler": 1e-05,
    "majority_ci": [
      1.765202323777592e-06,
      5.664855365337279e-05
    ],
    "oracle_lb": 1e-05
  },
  "d5_p0.001": {
    "d": 5,
    "p": 0.001,
    "n": 100000,
    "n_pf_seeds": 1,
    "pf_ler": 7e-05,
    "pf_ci": [
      3.390860494423725e-05,
      0.00014450054129000098
    ],
    "lange_ler": 6e-05,
    "lange_ci": [
      2.749844367635483e-05,
      0.00013091147084836878
    ],
    "pm_ler": 0.0001,
    "pm_ci": [
      5.432014358021984e-05,
      0.0001840866977825624
    ],
    "majority_ler": 6e-05,
    "majority_ci": [
      2.749844367635483e-05,
      0.00013091147084836878
    ],
    "oracle_lb": 5e-05
  },
  "d5_p0.002": {
    "d": 5,
    "p": 0.002,
    "n": 100000,
    "n_pf_seeds": 1,
    "pf_ler": 0.00069,
    "pf_ci": [
      0.0005453038694114294,
      0.0008730576428127171
    ],
    "lange_ler": 0.00058,
    "lange_ci": [
      0.0004487337771533542,
      0.0007496361862661311
    ],
    "pm_ler": 0.00112,
    "pm_ci": [
      0.0009309735848259222,
      0.001347354890907354
    ],
    "majority_ler": 0.00062,
    "majority_ci": [
      0.0004837156250829044,
      0.0007946512651746397
    ],
    "oracle_lb": 0.00042
  },
  "d5_p0.003": {
    "d": 5,
    "p": 0.003,
    "n": 100000,
    "n_pf_seeds": 1,
    "pf_ler": 0.0022,
    "pf_ci": [
      0.0019281043544288785,
      0.0025101411459319805
    ],
    "lange_ler": 0.00186,
    "lange_ci": [
      0.0016113965806782832,
      0.002146875041559077
    ],
    "pm_ler": 0.00341,
    "pm_ci": [
      0.0030672603708805342,
      0.0037908921663315966
    ],
    "majority_ler": 0.00195,
    "majority_ci": [
      0.0016950369360173813,
      0.0022432277716056106
    ],
    "oracle_lb": 0.00122
  },
  "d5_p0.005": {
    "d": 5,
    "p": 0.005,
    "n": 100000,
    "n_pf_seeds": 1,
    "pf_ler": 0.01136,
    "pf_ci": [
      0.010721668170078882,
      0.012035873576197394
    ],
    "lange_ler": 0.00944,
    "lange_ci": [
      0.008859207261460148,
      0.010058481996589317
    ],
    "pm_ler": 0.01407,
    "pm_ci": [
      0.013358436616137873,
      0.01481889692341687
    ],
    "majority_ler": 0.00997,
    "majority_ci": [
      0.009372765244736899,
      0.010604883293916838
    ],
    "oracle_lb": 0.00563
  },
  "d5_p0.007": {
    "d": 5,
    "p": 0.007,
    "n": 100000,
    "n_pf_seeds": 1,
    "pf_ler": 0.02964,
    "pf_ci": [
      0.028606791014395005,
      0.030709346296874045
    ],
    "lange_ler": 0.02544,
    "lange_ci": [
      0.024482147932518395,
      0.026434312060754504
    ],
    "pm_ler": 0.03485,
    "pm_ci": [
      0.03373102633230698,
      0.0360047106996192
    ],
    "majority_ler": 0.02578,
    "majority_ci": [
      0.02481580781681971,
      0.026780626054576685
    ],
    "oracle_lb": 0.0154
  },
  "d5_p0.01": {
    "d": 5,
    "p": 0.01,
    "n": 100000,
    "n_pf_seeds": 1,
    "pf_ler": 0.0774,
    "pf_ci": [
      0.07575990806650158,
      0.07907255988940944
    ],
    "lange_ler": 0.06851,
    "lange_ci": [
      0.06696076878332675,
      0.07009238218282575
    ],
    "pm_ler": 0.08315,
    "pm_ci": [
      0.08145463088453384,
      0.08487739530434812
    ],
    "majority_ler": 0.06727,
    "majority_ci": [
      0.06573401694095497,
      0.06883922929321772
    ],
    "oracle_lb": 0.03703
  },
  "d5_p0.015": {
    "d": 5,