{
  "d3_p0.0005": {
    "d": 3,
    "p": 0.0005,
    "n": 100000,
    "n_pf_seeds": 3,
    "pf_ler": 0.01161,
    "pf_ci": [
      0.010964557507409751,
      0.01229296503160439
    ],
    "lange_ler": 0.00014,
    "lange_ci": [
      8.339955678918715e-05,
      0.00023500421141165362
    ],
    "pm_ler": 0.00013,
    "pm_ci": [
      7.597682147262574e-05,
      0.0002224277150187004
    ],
    "majority_ler": 0.00011,
    "majority_ci": [
      6.142479912984711e-05,
      0.00019698127394244977
    ],
    "oracle_lb": 5e-05
  },
  "d3_p0.001": {
    "d": 3,
    "p": 0.001,
    "n": 100000,
    "n_pf_seeds": 3,
    "pf_ler": 0.02207,
    "pf_ci": [
      0.021177626515005106,
      0.022999092392161358
    ],
    "lange_ler": 0.00065,
    "lange_ci": [
      0.0005100560189654731,
      0.0008283085664206147
    ],
    "pm_ler": 0.00078,
    "pm_ci": [
      0.0006250861550851598,
      0.0009732684425246184
    ],
    "majority_ler": 0.00067,
    "majority_ci": [
      0.000527662429996423,
      0.0008507006188086943
    ],
    "oracle_lb": 0.00043
  },
  "d3_p0.002": {
    "d": 3,
    "p": 0.002,
    "n": 100000,
    "n_pf_seeds": 3,
    "pf_ler": 0.04449,
    "pf_ci": [
      0.04322947934442599,
      0.04578551705547232
    ],
    "lange_ler": 0.00215,
    "lange_ci": [
      0.00188141056093934,
      0.0024568387808739447
    ],
    "pm_ler": 0.00288,
    "pm_ci": [
      0.0025664107619475644,
      0.0032317824946602905
    ],
    "majority_ler": 0.00247,
    "majority_ci": [
      0.002180867678754301,
      0.0027973570777634527
    ],
    "oracle_lb": 0.00123
  },
  "d3_p0.003": {
    "d": 3,
    "p": 0.003,
    "n": 100000,
    "n_pf_seeds": 3,
    "pf_ler": 0.0648,
    "pf_ci": [
      0.06329086199854225,
      0.06634257400338031
    ],
    "lange_ler": 0.00517,
    "lange_ci": [
      0.004744106825371469,
      0.005633910492715239
    ],
    "pm_ler": 0.00659,
    "pm_ci": [
      0.006107114790094009,
      0.007110793430743781
    ],
    "majority_ler": 0.00567,
    "majority_ci": [
      0.005223225598334843,
      0.006154753305227597
    ],
    "oracle_lb": 0.00282
  },
  "d3_p0.005": {
    "d": 3,
    "p": 0.005,
    "n": 100000,
    "n_pf_seeds": 3,
    "pf_ler": 0.10312,
    "pf_ci": [
      0.1012502928181143,
      0.1050201990946684
    ],
    "lange_ler": 0.0146,
    "lange_ci": [
      0.013874999112684135,
      0.015362293707474887
    ],
    "pm_ler": 0.01728,
    "pm_ci": [
      0.016490659603802058,
      0.01810642731450689
    ],
    "majority_ler": 0.01568,
    "majority_ci": [
      0.014928383398075467,
      0.01646882644671114
    ],
    "oracle_lb": 0.00811
  },
  "d3_p0.007": {
    "d": 3,
    "p": 0.007,
    "n": 100000,
    "n_pf_seeds": 3,
    "pf_ler": 0.14007,
    "pf_ci": [
      0.13793272547309915,
      0.14223492760634016
    ],
    "lange_ler": 0.02782,
    "lange_ci": [
      0.026818682803692352,
      0.028857594336445032
    ],
    "pm_ler": 0.03228,
    "pm_ci": [
      0.031202377996958797,
      0.03339355648562213
    ],
    "majority_ler": 0.02936,
    "majority_ci": [
      0.02833162654179885,
      0.03042453228160379
    ],
    "oracle_lb": 0.01522
  },
  "d3_p0.01": {
    "d": 3,
    "p": 0.01,
    "n": 100000,
    "n_pf_seeds": 3,
    "pf_ler": 0.18533,
    "pf_ci": [
      0.18293375274518162,
      0.18775042305152098
    ],
    "lange_ler": 0.05133,
    "lange_ci": [
      0.04997942654078664,
      0.05271504434841968
    ],
    "pm_ler": 0.05821,
    "pm_ci": [
      0.056775684294017914,
      0.05967825801133449
    ],
    "majority_ler": 0.0544,
    "majority_ci": [
      0.053011286539655936,
      0.055822948484371374
    ],
    "oracle_lb": 0.02784
  },
  "d3_p0.015": {
    "d": 3,
    "p": 0.015,
    "n": 100000,
    "n_pf_seeds": 3,
    "pf_ler": 0.2506,
    "pf_ci": [
      0.24792363091495506,
      0.2532955302497496
    ],
    "lange_ler": 0.10527,
    "lange_ci": [
      0.10338294732504107,
      0.10718737940528729
    ],
    "pm_ler": 0.11523,
    "pm_ci": [
      0.11326572596741226,
      0.11722383554559267
    ],
    "majority_ler": 0.10851,
    "majority_ci": [
      0.10659727401753354,
      0.11045280378667753
    ],
    "oracle_lb": 0.05476
  },
  "d5_p0.0005": {
    "d": 5,
    "p": 0.0005,
    "n": 100000,
    "n_pf_seeds": 3,
    "pf_ler": 1e-05,
    "pf_ci": [
      1.765202323777592e-06,
      5.664855365337279e-05
    ],
    "lange_ler": 1e-05,
    "lange_ci": [
      1.765202323777592e-06,
      5.664855365337279e-05
    ],
    "pm_ler": 4e-05,
    "pm_ci": [
      1.5555073765297794e-05,
      0.00010285637734039654
    ],
    "majority_ler": 1e-05,
    "majority_ci": [
      1.765202323777592e-06,
      5.664855365337279e-05
    ],
    "oracle_lb": 1e-05
  },
  "d5_p0.001": {
    "d": 5,
    "p": 0.001,
    "n": 100000,
    "n_pf_seeds": 3,
    "pf_ler": 7e-05,
    "pf_ci": [
      3.390860494423725e-05,
      0.00014450054129000098
    ],
    "lange_ler": 6e-05,
    "lange_ci": [
      2.749844367635483e-05,
      0.00013091147084836878
    ],
    "pm_ler": 0.0001,
    "pm_ci": [
      5.432014358021984e-05,
      0.0001840866977825624
    ],
    "majority_ler": 6e-05,
    "majority_ci": [
      2.749844367635483e-05,
      0.00013091147084836878
    ],
    "oracle_lb": 5e-05
  },
  "d5_p0.002": {
    "d": 5,
    "p": 0.002,
    "n": 100000,
    "n_pf_seeds": 3,
    "pf_ler": 0.00058,
    "pf_ci": [
      0.0004487337771533542,
      0.0007496361862661311
    ],
    "lange_ler": 0.00058,
    "lange_ci": [
      0.0004487337771533542,
      0.0007496361862661311
    ],
    "pm_ler": 0.00112,
    "pm_ci": [
      0.0009309735848259222,
      0.001347354890907354
    ],
    "majority_ler": 0.0006,
    "majority_ci": [
      0.0004662040860289302,
      0.0007721643408095843
    ],
    "oracle_lb": 0.0004
  },
  "d5_p0.003": {
    "d": 5,
    "p": 0.003,
    "n": 100000,
    "n_pf_seeds": 3,
    "pf_ler": 0.00194,
    "pf_ci": [
      0.0016857362093807512,
      0.0022325292665327265
    ],
    "lange_ler": 0.00186,
    "lange_ci": [
      0.0016113965806782832,
      0.002146875041559077
    ],
    "pm_ler": 0.00341,
    "pm_ci": [
      0.0030672603708805342,
      0.0037908921663315966
    ],
    "majority_ler": 0.00188,
    "majority_ci": [
      0.0016299702546544433,
      0.0021682998310019463
    ],
    "oracle_lb": 0.00125
  },
  "d5_p0.005": {
    "d": 5,
    "p": 0.005,
    "n": 100000,
    "n_pf_seeds": 3,
    "pf_ler": 0.00953,
    "pf_ci": [
      0.008946382406028807,
      0.010151299937406287
    ],
    "lange_ler": 0.00944,
    "lange_ci": [
      0.008859207261460148,
      0.010058481996589317
    ],
    "pm_ler": 0.01407,
    "pm_ci": [
      0.013358436616137873,
      0.01481889692341687
    ],
    "majority_ler": 0.0092,
    "majority_ci": [
      0.008626808507736816,
      0.009810899189284296
    ],
    "oracle_lb": 0.00594
  },
  "d5_p0.007": {
    "d": 5,
    "p": 0.007,
    "n": 100000,
    "n_pf_seeds": 3,
    "pf_ler": 0.02539,
    "pf_ci": [
      0.024433084148957094,
      0.02638337968576823
    ],
    "lange_ler": 0.02544,
    "lange_ci": [
      0.024482147932518395,
      0.026434312060754504
    ],
    "pm_ler": 0.03485,
    "pm_ci": [
      0.03373102633230698,
      0.0360047106996192
    ],
    "majority_ler": 0.02476,
    "majority_ci": [
      0.023814966654915865,
      0.02574154558211004
    ],
    "oracle_lb": 0.01585
  },
  "d5_p0.01": {
    "d": 5,
    "p": 0.01,
    "n": 100000,
    "n_pf_seeds": 3,
    "pf_ler": 0.06734,
    "pf_ci": [
      0.06580326506083078,
      0.0689099757953085
    ],
    "lange_ler": 0.06851,
    "lange_ci": [
      0.06696076878332675,
      0.07009238218282575
    ],
    "pm_ler": 0.08315,
    "pm_ci": [
      0.08145463088453384,
      0.08487739530434812
    ],
    "majority_ler": 0.06515,
    "majority_ci": [
      0.06363702027941982,
      0.06669638883233577
    ],
    "oracle_lb": 0.03945
  },
  "d5_p0.015": {
    "d": 5,
    "p": 0.015,