{
  "d7_p0.005_long": {
    "d": 7,
    "p": 0.005,
    "ckpt": "wide_long",
    "n": 100000,
    "pf_ler": 0.00735,
    "pf_ci": [
      0.006839180017196398,
      0.007898669813564503
    ],
    "lange_ler": 0.00727,
    "lange_ci": [
      0.006762048931104817,
      0.007815807045979967
    ],
    "pm_ler": 0.00984,
    "pm_ci": [
      0.009246755778586071,
      0.010470902747843977
    ],
    "majority_ler": 0.0064,
    "majority_ci": [
      0.00592435143006678,
      0.00691357138829023
    ]
  },
  "d7_p0.007_long": {
    "d": 7,
    "p": 0.007,
    "ckpt": "wide_long",
    "n": 100000,
    "pf_ler": 0.028,
    "pf_ci": [
      0.026995479002107407,
      0.02904078430880124
    ],
    "lange_ler": 0.02956,
    "lange_ci": [
      0.028528170038503085,
      0.030627973419089845
    ],
    "pm_ler": 0.03366,
    "pm_ci": [
      0.03255995612650483,
      0.034795872331989115
    ],
    "majority_ler": 0.0247,
    "majority_ci": [
      0.023756106770927973,
      0.02568041007584084
    ]
  },
  "d7_p0.01_long": {
    "d": 7,
    "p": 0.01,
    "ckpt": "wide_long",
    "n": 100000,
    "pf_ler": 0.10139,
    "pf_ci": [
      0.09953443444198244,
      0.10327619038505421
    ],
    "lange_ler": 0.10764,
    "lange_ci": [
      0.10573411378833543,
      0.10957603085714789
    ],
    "pm_ler": 0.10307,
    "pm_ci": [
      0.10120069920425305,
      0.10496979654998205
    ],
    "majority_ler": 0.08834,
    "majority_ci": [
      0.08659683563739204,
      0.090114791808728
    ]
  }
}