{
  "d5_p0.0005": {
    "d": 5,
    "p": 0.0005,
    "n": 100000,
    "n_pf_seeds": 5,
    "pf_ler": 1e-05,
    "pf_ci": [
      1.765202323777592e-06,
      5.664855365337279e-05
    ],
    "lange_ler": 1e-05,
    "lange_ci": [
      1.765202323777592e-06,
      5.664855365337279e-05
    ],
    "pm_ler": 4e-05,
    "pm_ci": [
      1.5555073765297794e-05,
      0.00010285637734039654
    ],
    "majority_ler": 1e-05,
    "majority_ci": [
      1.765202323777592e-06,
      5.664855365337279e-05
    ],
    "oracle_lb": 1e-05
  },
  "d5_p0.001": {
    "d": 5,
    "p": 0.001,
    "n": 100000,
    "n_pf_seeds": 5,
    "pf_ler": 7e-05,
    "pf_ci": [
      3.390860494423725e-05,
      0.00014450054129000098
    ],
    "lange_ler": 6e-05,
    "lange_ci": [
      2.749844367635483e-05,
      0.00013091147084836878
    ],
    "pm_ler": 0.0001,
    "pm_ci": [
      5.432014358021984e-05,
      0.0001840866977825624
    ],
    "majority_ler": 7e-05,
    "majority_ci": [
      3.390860494423725e-05,
      0.00014450054129000098
    ],
    "oracle_lb": 5e-05
  },
  "d5_p0.002": {
    "d": 5,
    "p": 0.002,
    "n": 100000,
    "n_pf_seeds": 5,
    "pf_ler": 0.00057,
    "pf_ci": [
      0.00044001473799344074,
      0.0007383559937165301
    ],
    "lange_ler": 0.00058,
    "lange_ci": [
      0.0004487337771533542,
      0.0007496361862661311
    ],
    "pm_ler": 0.00112,
    "pm_ci": [
      0.0009309735848259222,
      0.001347354890907354
    ],
    "majority_ler": 0.00059,
    "majority_ci": [
      0.00045746364975003597,
      0.0007609055453789642
    ],
    "oracle_lb": 0.0004
  },
  "d5_p0.003": {
    "d": 5,
    "p": 0.003,
    "n": 100000,
    "n_pf_seeds": 5,
    "pf_ler": 0.00196,
    "pf_ci": [
      0.0017043394541359903,
      0.0022539244851965167
    ],
    "lange_ler": 0.00186,
    "lange_ci": [
      0.0016113965806782832,
      0.002146875041559077
    ],
    "pm_ler": 0.00341,
    "pm_ci": [
      0.0030672603708805342,
      0.0037908921663315966
    ],
    "majority_ler": 0.00187,
    "majority_ci": [
      0.001620682464248078,
      0.0021575883896987965
    ],
    "oracle_lb": 0.00126
  },
  "d5_p0.005": {
    "d": 5,
    "p": 0.005,
    "n": 100000,
    "n_pf_seeds": 5,
    "pf_ler": 0.0097,
    "pf_ci": [
      0.00911108370005731,
      0.010326585582439533
    ],
    "lange_ler": 0.00944,
    "lange_ci": [
      0.008859207261460148,
      0.010058481996589317
    ],
    "pm_ler": 0.01407,
    "pm_ci": [
      0.013358436616137873,
      0.01481889692341687
    ],
    "majority_ler": 0.00923,
    "majority_ci": [
      0.008655852832318445,
      0.00984185255983121
    ],
    "oracle_lb": 0.00602
  },
  "d5_p0.007": {
    "d": 5,
    "p": 0.007,
    "n": 100000,
    "n_pf_seeds": 5,
    "pf_ler": 0.02527,
    "pf_ci": [
      0.02431533513179343,
      0.026261137922417722
    ],
    "lange_ler": 0.02544,
    "lange_ci": [
      0.024482147932518395,
      0.026434312060754504
    ],
    "pm_ler": 0.03485,
    "pm_ci": [
      0.03373102633230698,
      0.0360047106996192
    ],
    "majority_ler": 0.02469,
    "majority_ci": [
      0.023746296935081776,
      0.025670220679977526
    ],
    "oracle_lb": 0.01597
  },
  "d5_p0.01": {
    "d": 5,
    "p": 0.01,
    "n": 100000,
    "n_pf_seeds": 5,
    "pf_ler": 0.06747,
    "pf_ci": [
      0.06593186999101525,
      0.06904136087734775
    ],
    "lange_ler": 0.06851,
    "lange_ci": [
      0.06696076878332675,
      0.07009238218282575
    ],
    "pm_ler": 0.08315,
    "pm_ci": [
      0.08145463088453384,
      0.08487739530434812
    ],
    "majority_ler": 0.06537,
    "majority_ci": [
      0.06385461195272131,
      0.06691878025664359
    ],
    "oracle_lb": 0.03958
  },
  "d5_p0.015": {
    "d": 5,
    "p": 0.015,
    "n": 100000,
    "n_pf_seeds": 5,
    "pf_ler": 0.17198,
    "pf_ci": [
      0.16965369123151522,
      0.1743315102329853
    ],
    "lange_ler": 0.17898,
    "lange_ci": [
      0.17661640698159303,
      0.18136825667956774
    ],
    "pm_ler": 0.19561,
    "pm_ci": [
      0.1931631291025035,
      0.19808025689158015
    ],
    "majority_ler": 0.1677,
    "majority_ci": [
      0.16539717972098608,
      0.17002835057184215
    ],
    "oracle_lb": 0.09586
  }
}