{
  "d7_p0.005_xl": {
    "d": 7,
    "p": 0.005,
    "ckpt": "xl_H512",
    "n": 60000,
    "pf_ler": 0.008366666666666666,
    "pf_ci": [
      0.007668646204578952,
      0.009127638385306374
    ],
    "lange_ler": 0.007516666666666666,
    "lange_ci": [
      0.006856377987724067,
      0.00824001544052603
    ],
    "pm_ler": 0.00985,
    "pm_ci": [
      0.00909056120901271,
      0.01067220011392232
    ],
    "majority_ler": 0.0065,
    "majority_ci": [
      0.005887825001028753,
      0.007175365273108627
    ]
  },
  "d7_p0.007_xl": {
    "d": 7,
    "p": 0.007,
    "ckpt": "xl_H512",
    "n": 60000,
    "pf_ler": 0.030633333333333332,
    "pf_ci": [
      0.02928423553629585,
      0.0320425312485828
    ],
    "lange_ler": 0.0294,
    "lange_ci": [
      0.02807815539022335,
      0.030782102650321833
    ],
    "pm_ler": 0.033433333333333336,
    "pm_ci": [
      0.032024518457685495,
      0.034901889800815065
    ],
    "majority_ler": 0.024916666666666667,
    "majority_ci": [
      0.02369952257391998,
      0.026194642868980593
    ]
  },
  "d7_p0.01_xl": {
    "d": 7,
    "p": 0.01,
    "ckpt": "xl_H512",
    "n": 60000,
    "pf_ler": 0.10946666666666667,
    "pf_ci": [
      0.10699331357226309,
      0.11199002565447068
    ],
    "lange_ler": 0.10821666666666667,
    "lange_ci": [
      0.1057559540919797,
      0.11072754519117285
    ],
    "pm_ler": 0.103,
    "pm_ci": [
      0.10059318443400789,
      0.10545764948459907
    ],
    "majority_ler": 0.0916,
    "majority_ci": [
      0.08931790817069862,
      0.09393438546244767
    ]
  }
}