{
  "d9_p0.0005": {
    "d": 9,
    "p": 0.0005,
    "n": 100000,
    "n_pf_seeds": 3,
    "pf_ler": 0.0,
    "pf_ci": [
      0.0,
      3.8414524267635735e-05
    ],
    "lange_ler": 0.0,
    "lange_ci": [
      0.0,
      3.8414524267635735e-05
    ],
    "pm_ler": 0.0,
    "pm_ci": [
      0.0,
      3.8414524267635735e-05
    ],
    "majority_ler": 0.0,
    "majority_ci": [
      0.0,
      3.8414524267635735e-05
    ],
    "oracle_lb": 0.0
  },
  "d9_p0.001": {
    "d": 9,
    "p": 0.001,
    "n": 100000,
    "n_pf_seeds": 3,
    "pf_ler": 1e-05,
    "pf_ci": [
      1.765202323777592e-06,
      5.664855365337279e-05
    ],
    "lange_ler": 0.0,
    "lange_ci": [
      0.0,
      3.8414524267635735e-05
    ],
    "pm_ler": 0.0,
    "pm_ci": [
      0.0,
      3.8414524267635735e-05
    ],
    "majority_ler": 0.0,
    "majority_ci": [
      0.0,
      3.8414524267635735e-05
    ],
    "oracle_lb": 0.0
  },
  "d9_p0.002": {
    "d": 9,
    "p": 0.002,
    "n": 100000,
    "n_pf_seeds": 3,
    "pf_ler": 0.00011,
    "pf_ci": [
      6.142479912984711e-05,
      0.00019698127394244977
    ],
    "lange_ler": 0.0,
    "lange_ci": [
      0.0,
      3.8414524267635735e-05
    ],
    "pm_ler": 5e-05,
    "pm_ci": [
      2.135687940877151e-05,
      0.00011705380340643748
    ],
    "majority_ler": 1e-05,
    "majority_ci": [
      1.765202323777592e-06,
      5.664855365337279e-05
    ],
    "oracle_lb": 0.0
  },
  "d9_p0.003": {
    "d": 9,
    "p": 0.003,
    "n": 100000,
    "n_pf_seeds": 3,
    "pf_ler": 0.00052,
    "pf_ci": [
      0.00039659234523278455,
      0.0006817822279296128
    ],
    "lange_ler": 0.0002,
    "lange_ci": [
      0.00012947783094502976,
      0.00030892132751289894
    ],
    "pm_ler": 0.00045,
    "pm_ci": [
      0.0003363479184671838,
      0.000602032032728611
    ],
    "majority_ler": 0.0002,
    "majority_ci": [
      0.00012947783094502976,
      0.00030892132751289894
    ],
    "oracle_lb": 6e-05
  },
  "d9_p0.005": {
    "d": 9,
    "p": 0.005,
    "n": 100000,
    "n_pf_seeds": 3,
    "pf_ler": 0.00649,
    "pf_ci": [
      0.006010910119999214,
      0.007007005783743427
    ],
    "lange_ler": 0.00437,
    "lange_ci": [
      0.003979771298676731,
      0.0047983074826488045
    ],
    "pm_ler": 0.00671,
    "pm_ci": [
      0.006222598869166918,
      0.007235300132185044
    ],
    "majority_ler": 0.00408,
    "majority_ci": [
      0.0037035069577987197,
      0.0044945941039508915
    ],
    "oracle_lb": 0.0016
  },
  "d9_p0.007": {
    "d": 9,
    "p": 0.007,
    "n": 100000,
    "n_pf_seeds": 3,
    "pf_ler": 0.0331,
    "pf_ci": [
      0.03200899250246129,
      0.03422687898029982
    ],
    "lange_ler": 0.02623,
    "lange_ci": [
      0.025257485507481532,
      0.027238913790843026
    ],
    "pm_ler": 0.03155,
    "pm_ci": [
      0.030484452872450968,
      0.03265153769533538
    ],
    "majority_ler": 0.02277,
    "majority_ci": [
      0.021863606706388164,
      0.02371305842044432
    ],
    "oracle_lb": 0.00872
  },
  "d9_p0.01": {
    "d": 9,
    "p": 0.01,
    "n": 100000,
    "n_pf_seeds": 3,
    "pf_ler": 0.15061,
    "pf_ci": [
      0.14840657237911198,
      0.15284027092215574
    ],
    "lange_ler": 0.13085,
    "lange_ci": [
      0.12877396093204038,
      0.1329544005112264
    ],
    "pm_ler": 0.12227,
    "pm_ci": [
      0.12025402783788827,
      0.12431499279861499
    ],
    "majority_ler": 0.10852,
    "majority_ci": [
      0.10660719562684198,
      0.11046288140907864
    ],
    "oracle_lb": 0.03671
  },
  "d9_p0.015": {
    "d": 9,
    "p": 0.015,
    "n": 100000,
    "n_pf_seeds": 3,
    "pf_ler": 0.4128,
    "pf_ci": [
      0.4097518674195964,
      0.4158548320734358
    ],
    "lange_ler": 0.39659,
    "lange_ci": [
      0.39356200011575765,
      0.3996259447761514
    ],
    "pm_ler": 0.34546,
    "pm_ci": [
      0.3425186959818142,
      0.34841317717934644
    ],
    "majority_ler": 0.35701,
    "majority_ci": [
      0.3540459420019108,
      0.35998504378373924
    ],
    "oracle_lb": 0.09599
  }
}