{
  "d7_p0.005_multiseed_avg": {
    "d": 7,
    "p": 0.005,
    "n_pf_seeds": 3,
    "n": 100000,
    "pf_avg_ler": 0.00657,
    "pf_ci": [
      0.006087871499652866,
      0.007090038257765894
    ],
    "lange_ler": 0.00727,
    "lange_ci": [
      0.006762048931104817,
      0.007815807045979967
    ],
    "pm_ler": 0.00984,
    "pm_ci": [
      0.009246755778586071,
      0.010470902747843977
    ],
    "majority_ler": 0.00621,
    "majority_ci": [
      0.005741698160882838,
      0.006716239254993393
    ]
  },
  "d7_p0.007_multiseed_avg": {
    "d": 7,
    "p": 0.007,
    "n_pf_seeds": 3,
    "n": 100000,
    "pf_avg_ler": 0.02492,
    "pf_ci": [
      0.023971933595006507,
      0.02590456634937163
    ],
    "lange_ler": 0.02956,
    "lange_ci": [
      0.028528170038503085,
      0.030627973419089845
    ],
    "pm_ler": 0.03366,
    "pm_ci": [
      0.03255995612650483,
      0.034795872331989115
    ],
    "majority_ler": 0.02384,
    "majority_ci": [
      0.02291261492416066,
      0.024803967995589895
    ]
  },
  "d7_p0.01_multiseed_avg": {
    "d": 7,
    "p": 0.01,
    "n_pf_seeds": 3,
    "n": 100000,
    "pf_avg_ler": 0.09173,
    "pf_ci": [
      0.08995661240283528,
      0.09353475459281024
    ],
    "lange_ler": 0.10764,
    "lange_ci": [
      0.10573411378833543,
      0.10957603085714789
    ],
    "pm_ler": 0.10307,
    "pm_ci": [
      0.10120069920425305,
      0.10496979654998205
    ],
    "majority_ler": 0.08689,
    "majority_ci": [
      0.08515999855053483,
      0.08865174029770559
    ]
  }
}