{
  "d7_p0.003_multi": {
    "d": 7,
    "p": 0.003,
    "ckpt": "wide_multi",
    "n": 60000,
    "pf_ler": 0.001,
    "pf_ci": [
      0.0007770371349786355,
      0.0012868573874014115
    ],
    "lange_ler": 0.0008666666666666666,
    "lange_ci": [
      0.0006610107849535805,
      0.0011362341434444706
    ],
    "pm_ler": 0.0014833333333333332,
    "pm_ci": [
      0.0012056618722036836,
      0.0018248374283610985
    ],
    "majority_ler": 0.00085,
    "majority_ci": [
      0.0006465972094167942,
      0.0011173165197335072
    ]
  },
  "d7_p0.005_multi": {
    "d": 7,
    "p": 0.005,
    "ckpt": "wide_multi",
    "n": 60000,
    "pf_ler": 0.008333333333333333,
    "pf_ci": [
      0.00763675461859353,
      0.009092867572796298
    ],
    "lange_ler": 0.007516666666666666,
    "lange_ci": [
      0.006856377987724067,
      0.00824001544052603
    ],
    "pm_ler": 0.00985,
    "pm_ci": [
      0.00909056120901271,
      0.01067220011392232
    ],
    "majority_ler": 0.006683333333333334,
    "majority_ci": [
      0.006062213141534055,
      0.00736762032432857
    ]
  },
  "d7_p0.007_multi": {
    "d": 7,
    "p": 0.007,
    "ckpt": "wide_multi",
    "n": 60000,
    "pf_ler": 0.029983333333333334,
    "pf_ci": [
      0.028648522378525915,
      0.03137832763569051
    ],
    "lange_ler": 0.0294,
    "lange_ci": [
      0.02807815539022335,
      0.030782102650321833
    ],
    "pm_ler": 0.033433333333333336,
    "pm_ci": [
      0.032024518457685495,
      0.034901889800815065
    ],
    "majority_ler": 0.024483333333333333,
    "majority_ci": [
      0.023276831131066378,
      0.025750723131392705
    ]
  },
  "d7_p0.01_multi": {
    "d": 7,
    "p": 0.01,
    "ckpt": "wide_multi",
    "n": 60000,
    "pf_ler": 0.10855,
    "pf_ci": [
      0.10608590649346494,
      0.1110642167746426
    ],
    "lange_ler": 0.10821666666666667,
    "lange_ci": [
      0.1057559540919797,
      0.11072754519117285
    ],
    "pm_ler": 0.103,
    "pm_ci": [
      0.10059318443400789,
      0.10545764948459907
    ],
    "majority_ler": 0.09016666666666667,
    "majority_ci": [
      0.08790098799143166,
      0.0924848225064082
    ]
  }
}