{
  "d7_p0.005_xlong": {
    "d": 7,
    "p": 0.005,
    "ckpt": "wide_xlong",
    "n": 100000,
    "pf_ler": 0.00727,
    "pf_ci": [
      0.006762048931104817,
      0.007815807045979967
    ],
    "lange_ler": 0.00727,
    "lange_ci": [
      0.006762048931104817,
      0.007815807045979967
    ],
    "pm_ler": 0.00984,
    "pm_ci": [
      0.009246755778586071,
      0.010470902747843977
    ],
    "majority_ler": 0.00634,
    "majority_ci": [
      0.005866659325022474,
      0.006851268103077448
    ]
  },
  "d7_p0.007_xlong": {
    "d": 7,
    "p": 0.007,
    "ckpt": "wide_xlong",
    "n": 100000,
    "pf_ler": 0.02798,
    "pf_ci": [
      0.026975834426253446,
      0.029020430421236178
    ],
    "lange_ler": 0.02956,
    "lange_ci": [
      0.028528170038503085,
      0.030627973419089845
    ],
    "pm_ler": 0.03366,
    "pm_ci": [
      0.03255995612650483,
      0.034795872331989115
    ],
    "majority_ler": 0.02435,
    "majority_ci": [
      0.02341278733623875,
      0.025323756400697055
    ]
  },
  "d7_p0.01_xlong": {
    "d": 7,
    "p": 0.01,
    "ckpt": "wide_xlong",
    "n": 100000,
    "pf_ler": 0.10244,
    "pf_ci": [
      0.10057583150535244,
      0.10433471265118326
    ],
    "lange_ler": 0.10764,
    "lange_ci": [
      0.10573411378833543,
      0.10957603085714789
    ],
    "pm_ler": 0.10307,
    "pm_ci": [
      0.10120069920425305,
      0.10496979654998205
    ],
    "majority_ler": 0.08859,
    "majority_ci": [
      0.08684458066318147,
      0.09036702757567645
    ]
  }
}