{
  "d3_p0.0005": {
    "d": 3,
    "p": 0.0005,
    "n": 100000,
    "n_pf_seeds": 3,
    "pf_ler": 0.0001,
    "pf_ci": [
      5.432014358021984e-05,
      0.0001840866977825624
    ],
    "lange_ler": 0.00014,
    "lange_ci": [
      8.339955678918715e-05,
      0.00023500421141165362
    ],
    "pm_ler": 0.00013,
    "pm_ci": [
      7.597682147262574e-05,
      0.0002224277150187004
    ],
    "majority_ler": 0.00011,
    "majority_ci": [
      6.142479912984711e-05,
      0.00019698127394244977
    ],
    "oracle_lb": 6e-05
  },
  "d3_p0.001": {
    "d": 3,
    "p": 0.001,
    "n": 100000,
    "n_pf_seeds": 3,
    "pf_ler": 0.00073,
    "pf_ci": [
      0.0005806859731465246,
      0.0009176724659156804
    ],
    "lange_ler": 0.00065,
    "lange_ci": [
      0.0005100560189654731,
      0.0008283085664206147
    ],
    "pm_ler": 0.00078,
    "pm_ci": [
      0.0006250861550851598,
      0.0009732684425246184
    ],
    "majority_ler": 0.00065,
    "majority_ci": [
      0.0005100560189654731,
      0.0008283085664206147
    ],
    "oracle_lb": 0.00049
  },
  "d3_p0.002": {
    "d": 3,
    "p": 0.002,
    "n": 100000,
    "n_pf_seeds": 3,
    "pf_ler": 0.0025,
    "pf_ci": [
      0.0022090121144976247,
      0.002829210337148673
    ],
    "lange_ler": 0.00215,
    "lange_ci": [
      0.00188141056093934,
      0.0024568387808739447
    ],
    "pm_ler": 0.00288,
    "pm_ci": [
      0.0025664107619475644,
      0.0032317824946602905
    ],
    "majority_ler": 0.00228,
    "majority_ci": [
      0.002002891752412201,
      0.0025953476016247748
    ],
    "oracle_lb": 0.00154
  },
  "d3_p0.003": {
    "d": 3,
    "p": 0.003,
    "n": 100000,
    "n_pf_seeds": 3,
    "pf_ler": 0.0064,
    "pf_ci": [
      0.00592435143006678,
      0.00691357138829023
    ],
    "lange_ler": 0.00517,
    "lange_ci": [
      0.004744106825371469,
      0.005633910492715239
    ],
    "pm_ler": 0.00659,
    "pm_ci": [
      0.006107114790094009,
      0.007110793430743781
    ],
    "majority_ler": 0.00549,
    "majority_ci": [
      0.005050631028959743,
      0.005967361703831434
    ],
    "oracle_lb": 0.00385
  },
  "d3_p0.005": {
    "d": 3,
    "p": 0.005,
    "n": 100000,
    "n_pf_seeds": 3,
    "pf_ler": 0.01689,
    "pf_ci": [
      0.016109679765050414,
      0.01770743711658746
    ],
    "lange_ler": 0.0146,
    "lange_ci": [
      0.013874999112684135,
      0.015362293707474887
    ],
    "pm_ler": 0.01728,
    "pm_ci": [
      0.016490659603802058,
      0.01810642731450689
    ],
    "majority_ler": 0.01514,
    "majority_ci": [
      0.014401567246451027,
      0.015915684086021786
    ],
    "oracle_lb": 0.01056
  },
  "d3_p0.007": {
    "d": 3,
    "p": 0.007,
    "n": 100000,
    "n_pf_seeds": 3,
    "pf_ler": 0.03181,
    "pf_ci": [
      0.030740134778430444,
      0.032915835813803286
    ],
    "lange_ler": 0.02782,
    "lange_ci": [
      0.026818682803692352,
      0.028857594336445032
    ],
    "pm_ler": 0.03228,
    "pm_ci": [
      0.031202377996958797,
      0.03339355648562213
    ],
    "majority_ler": 0.02853,
    "majority_ci": [
      0.0275161100963174,
      0.029580112495195526
    ],
    "oracle_lb": 0.0194
  },
  "d3_p0.01": {
    "d": 3,
    "p": 0.01,
    "n": 100000,
    "n_pf_seeds": 3,
    "pf_ler": 0.05787,
    "pf_ci": [
      0.05643968011113137,
      0.05933428831609753
    ],
    "lange_ler": 0.05133,
    "lange_ci": [
      0.04997942654078664,
      0.05271504434841968
    ],
    "pm_ler": 0.05821,
    "pm_ci": [
      0.056775684294017914,
      0.05967825801133449
    ],
    "majority_ler": 0.05301,
    "majority_ci": [
      0.05163839387440219,
      0.0544159479420026
    ],
    "oracle_lb": 0.03592
  },
  "d3_p0.015": {
    "d": 3,
    "p": 0.015,
    "n": 100000,
    "n_pf_seeds": 3,
    "pf_ler": 0.11558,
    "pf_ci": [
      0.11361310152609665,
      0.1175764330967413
    ],
    "lange_ler": 0.10527,
    "lange_ci": [
      0.10338294732504107,
      0.10718737940528729
    ],
    "pm_ler": 0.11523,
    "pm_ci": [
      0.11326572596741226,
      0.11722383554559267
    ],
    "majority_ler": 0.10697,
    "majority_ci": [
      0.10506940802534939,
      0.10890078809559645
    ],
    "oracle_lb": 0.07122
  }
}