{
  "d3_p0.001": {
    "d": 3,
    "p": 0.001,
    "n": 100000,
    "n_pf_seeds": 3,
    "pf_ler": 0.00056,
    "pf_ci": [
      0.00043130681371065046,
      0.0007270646862898055
    ],
    "pm_ler": 0.00064,
    "pm_ci": [
      0.0005012664457762804,
      0.0008170989079002931
    ]
  },
  "d3_p0.003": {
    "d": 3,
    "p": 0.003,
    "n": 100000,
    "n_pf_seeds": 3,
    "pf_ler": 0.00484,
    "pf_ci": [
      0.004428454006150663,
      0.005289588665522061
    ],
    "pm_ler": 0.00492,
    "pm_ci": [
      0.0045049315474069655,
      0.005373104977941877
    ]
  },
  "d3_p0.005": {
    "d": 3,
    "p": 0.005,
    "n": 100000,
    "n_pf_seeds": 3,
    "pf_ler": 0.01371,
    "pf_ci": [
      0.013007714898707116,
      0.014449646299305102
    ],
    "pm_ler": 0.01371,
    "pm_ci": [
      0.013007714898707116,
      0.014449646299305102
    ]
  },
  "d3_p0.007": {
    "d": 3,
    "p": 0.007,
    "n": 100000,
    "n_pf_seeds": 3,
    "pf_ler": 0.02499,
    "pf_ci": [
      0.024040609928299792,
      0.025975884638044944
    ],
    "pm_ler": 0.02553,
    "pm_ci": [
      0.024570465240193105,
      0.026525987838465426
    ]
  },
  "d3_p0.01": {
    "d": 3,
    "p": 0.01,
    "n": 100000,
    "n_pf_seeds": 3,
    "pf_ler": 0.04644,
    "pf_ci": [
      0.04515303589221838,
      0.047761810691035286
    ],
    "pm_ler": 0.04717,
    "pm_ci": [
      0.04587330124705613,
      0.0485014892509921
    ]
  },
  "d3_p0.015": {
    "d": 3,
    "p": 0.015,
    "n": 100000,
    "n_pf_seeds": 3,
    "pf_ler": 0.09228,
    "pf_ci": [
      0.09050177972376862,
      0.09408954501590021
    ],
    "pm_ler": 0.09258,
    "pm_ci": [
      0.09079915187481646,
      0.09439214981613778
    ]
  },
  "d5_p0.001": {
    "d": 5,
    "p": 0.001,
    "n": 100000,
    "n_pf_seeds": 5,
    "pf_ler": 6e-05,
    "pf_ci": [
      2.749844367635483e-05,
      0.00013091147084836878
    ],
    "pm_ler": 8e-05,
    "pm_ci": [
      4.053804061932916e-05,
      0.00015787033732442377
    ]
  },
  "d5_p0.003": {
    "d": 5,
    "p": 0.003,
    "n": 100000,
    "n_pf_seeds": 5,
    "pf_ler": 0.00171,
    "pf_ci": [
      0.001472348060109111,
      0.0019859350864855287
    ],
    "pm_ler": 0.00273,
    "pm_ci": [
      0.002425142125998048,
      0.0030730626549670863
    ]
  },
  "d5_p0.005": {
    "d": 5,
    "p": 0.005,
    "n": 100000,
    "n_pf_seeds": 5,
    "pf_ler": 0.00748,
    "pf_ci": [
      0.006964551792808888,
      0.008033288050175702
    ],
    "pm_ler": 0.01172,
    "pm_ci": [
      0.011071453894266942,
      0.01240606019355186
    ]
  },
  "d5_p0.007": {
    "d": 5,
    "p": 0.007,
    "n": 100000,
    "n_pf_seeds": 5,
    "pf_ler": 0.01934,
    "pf_ci": [
      0.018504702396469043,
      0.020212226253999918
    ],
    "pm_ler": 0.02807,
    "pm_ci": [
      0.027064236103182635,
      0.029112021829692622
    ]
  },
  "d5_p0.01": {
    "d": 5,
    "p": 0.01,
    "n": 100000,
    "n_pf_seeds": 5,
    "pf_ler": 0.05241,
    "pf_ci": [
      0.05104585999201011,
      0.05380852792182379
    ],
    "pm_ler": 0.06645,
    "pm_ci": [
      0.0649228608339866,
      0.06801044840000586
    ]
  },
  "d5_p0.015": {
    "d": 5,
    "p": 0.015,
    "n": 100000,
    "n_pf_seeds": 5,
    "pf_ler": 0.14033,
    "pf_ci": [
      0.138191045610446,
      0.14249658749344066
    ],
    "pm_ler": 0.16157,
    "pm_ci": [
      0.1593017733840476,
      0.16386422787084814
    ]
  },
  "d7_p0.001": {
    "d": 7,
    "p": 0.001,
    "n": 100000,
    "n_pf_seeds": 3,
    "pf_ler": 0.0,
    "pf_ci": [
      0.0,
      3.8414524267635735e-05
    ],
    "pm_ler": 1e-05,
    "pm_ci": [
      1.765202323777592e-06,
      5.664855365337279e-05
    ]
  },
  "d7_p0.003": {
    "d": 7,
    "p": 0.003,
    "n": 100000,
    "n_pf_seeds": 3,
    "pf_ler": 0.00056,
    "pf_ci": [
      0.00043130681371065046,
      0.0007270646862898055
    ],
    "pm_ler": 0.00118,
    "pm_ci": [
      0.0009855201067337223,
      0.0014128037592566417
    ]
  },
  "d7_p0.005": {
    "d": 7,
    "p": 0.005,
    "n": 100000,
    "n_pf_seeds": 3,
    "pf_ler": 0.00475,
    "pf_ci": [
      0.004342452167062552,
      0.005195597419224541
    ],
    "pm_ler": 0.00754,
    "pm_ci": [
      0.007022429534713392,
      0.008095405698528287
    ]
  },
  "d7_p0.007": {
    "d": 7,
    "p": 0.007,
    "n": 100000,
    "n_pf_seeds": 3,
    "pf_ler": 0.01868,
    "pf_ci": [
      0.017859132350116262,
      0.019537847007524735
    ],
    "pm_ler": 0.02566,
    "pm_ci": [
      0.024698040323885156,
      0.026658402766997064
    ]
  },
  "d7_p0.01": {
    "d": 7,
    "p": 0.01,
    "n": 100000,
    "n_pf_seeds": 3,
    "pf_ler": 0.07019,
    "pf_ci": [
      0.06862305469919525,
      0.07178996719415573
    ],
    "pm_ler": 0.08106,
    "pm_ci": [
      0.07938442878258228,
      0.08276775797901109
    ]
  },
  "d7_p0.015": {
    "d": 7,
    "p": 0.015,
    "n": 100000,
    "n_pf_seeds": 3,
    "pf_ler": 0.2247,
    "pf_ci": [
      0.2221236269962464,
      0.22729752404081535
    ],
    "pm_ler": 0.22785,
    "pm_ci": [
      0.2252607343911466,
      0.23046017463441223
    ]
  }
}