{
  "d": 7,
  "p": 0.007,
  "n_seeds": 3,
  "results": {
    "B1": {
      "1seed_total_ms": 3.10035003349185,
      "1seed_us_per_syn": 3100.35003349185,
      "3seed_total_ms": 9.16553003480658,
      "3seed_us_per_syn": 9165.53003480658,
      "ratio_3to1": 2.956288785393584
    },
    "B64": {
      "1seed_total_ms": 4.16428002063185,
      "1seed_us_per_syn": 65.06687532237265,
      "3seed_total_ms": 12.459527002647519,
      "3seed_us_per_syn": 194.6801094163675,
      "ratio_3to1": 2.9920002835825206
    },
    "B1024": {
      "1seed_total_ms": 53.76665398944169,
      "1seed_us_per_syn": 52.50649803656415,
      "3seed_total_ms": 161.13574901828542,
      "3seed_us_per_syn": 157.35912990066936,
      "ratio_3to1": 2.9969458216597986
    }
  }
}