{
  "d3_p0.0005": {
    "d": 3,
    "p": 0.0005,
    "n": 60000,
    "pf_ler": 0.00018333333333333334,
    "pf_ci": [
      0.0001023758532604432,
      0.00032828990597987847
    ],
    "lange_ler": 0.00013333333333333334,
    "lange_ci": [
      6.756399885146906e-05,
      0.00026310816264560414
    ],
    "pm_ler": 6.666666666666667e-05,
    "pm_ci": [
      2.592524124105787e-05,
      0.00017142212326501735
    ],
    "majority_ler": 0.00013333333333333334,
    "majority_ci": [
      6.756399885146906e-05,
      0.00026310816264560414
    ],
    "oracle_lb_all_three_wrong": 5e-05,
    "gate_pf_then_lange": {
      "1.0": 0.00013333333333333334,
      "2.0": 0.00013333333333333334,
      "3.0": 0.00013333333333333334,
      "4.0": 0.00013333333333333334
    },
    "gate_pf_then_pm": {
      "1.0": 6.666666666666667e-05,
      "2.0": 6.666666666666667e-05,
      "3.0": 6.666666666666667e-05,
      "4.0": 6.666666666666667e-05
    },
    "pathfinder_src": "/workspace/pathfinder/train/checkpoints/fixed_d3/best_model.pt",
    "both_wrong_pf_lange": 8,
    "pf_right_lange_wrong": 0,
    "pf_wrong_lange_right": 3
  },
  "d3_p0.001": {
    "d": 3,
    "p": 0.001,
    "n": 60000,
    "pf_ler": 0.0008,
    "pf_ci": [
      0.0006034900996934931,
      0.0010604300317135602
    ],
    "lange_ler": 0.0007666666666666667,
    "lange_ci": [
      0.0005748702474013968,
      0.0010223874855101573
    ],
    "pm_ler": 0.00085,
    "pm_ci": [
      0.0006465972094167942,
      0.0011173165197335072
    ],
    "majority_ler": 0.0007666666666666667,
    "majority_ci": [
      0.0005748702474013968,
      0.0010223874855101573
    ],
    "oracle_lb_all_three_wrong": 0.0006333333333333333,
    "gate_pf_then_lange": {
      "1.0": 0.0007666666666666667,
      "2.0": 0.0007666666666666667,
      "3.0": 0.0007666666666666667,
      "4.0": 0.0007666666666666667
    },
    "gate_pf_then_pm": {
      "1.0": 0.0008166666666666667,
      "2.0": 0.00085,
      "3.0": 0.00085,
      "4.0": 0.00085
    },
    "pathfinder_src": "/workspace/pathfinder/train/checkpoints/fixed_d3/best_model.pt",
    "both_wrong_pf_lange": 43,
    "pf_right_lange_wrong": 3,
    "pf_wrong_lange_right": 5
  },
  "d3_p0.002": {
    "d": 3,
    "p": 0.002,
    "n": 60000,
    "pf_ler": 0.0026333333333333334,
    "pf_ci": [
      0.0022538820210239556,
      0.003076470027635542
    ],
    "lange_ler": 0.00225,
    "lange_ci": [
      0.0019014172583470112,
      0.002662317207614247
    ],
    "pm_ler": 0.0029833333333333335,
    "pm_ci": [
      0.0025776111938766804,
      0.0034526960389855564
    ],
    "majority_ler": 0.0025166666666666666,
    "majority_ci": [
      0.0021463571568743458,
      0.002950676497050905
    ],
    "oracle_lb_all_three_wrong": 0.00185,
    "gate_pf_then_lange": {
      "1.0": 0.0023,
      "2.0": 0.00225,
      "3.0": 0.00225,
      "4.0": 0.00225
    },
    "gate_pf_then_pm": {
      "1.0": 0.0027333333333333333,
      "2.0": 0.002916666666666667,
      "3.0": 0.0029833333333333335,
      "4.0": 0.0029833333333333335
    },
    "pathfinder_src": "/workspace/pathfinder/train/checkpoints/fixed_d3/best_model.pt",
    "both_wrong_pf_lange": 122,
    "pf_right_lange_wrong": 13,
    "pf_wrong_lange_right": 36
  },
  "d3_p0.015": {
    "d": 3,
    "p": 0.015,
    "n": 60000,
    "pf_ler": 0.10668333333333334,
    "pf_ci": [
      0.10423826898200461,
      0.109178759970355
    ],
    "lange_ler": 0.10461666666666666,
    "lange_ci": [
      0.10219294684864724,
      0.1070910133969914
    ],
    "pm_ler": 0.1152,
    "pm_ci": [
      0.11266996160921967,
      0.1177793101587399
    ],
    "majority_ler": 0.10493333333333334,
    "majority_ci": [
      0.10250632384521503,
      0.10741092918613086
    ],
    "oracle_lb_all_three_wrong": 0.07666666666666666,
    "gate_pf_then_lange": {
      "1.0": 0.10426666666666666,
      "2.0": 0.10455,
      "3.0": 0.1047,
      "4.0": 0.1047
    },
    "gate_pf_then_pm": {
      "1.0": 0.1098,
      "2.0": 0.11401666666666667,
      "3.0": 0.1151,
      "4.0": 0.11528333333333333
    },
    "pathfinder_src": "/workspace/pathfinder/train/checkpoints/fixed_d3/best_model.pt",
    "both_wrong_pf_lange": 5391,
    "pf_right_lange_wrong": 886,
    "pf_wrong_lange_right": 1010
  },
  "d5_p0.0005": {
    "d": 5,
    "p": 0.0005,
    "n": 60000,
    "pf_ler": 1.6666666666666667e-05,
    "pf_ci": [
      2.9420062962339403e-06,
      9.44117604665928e-05
    ],
    "lange_ler": 1.6666666666666667e-05,
    "lange_ci": [
      2.9420062962339403e-06,
      9.44117604665928e-05
    ],
    "pm_ler": 6.666666666666667e-05,
    "pm_ci": [
      2.592524124105787e-05,
      0.00017142212326501735
    ],
    "majority_ler": 1.6666666666666667e-05,
    "majority_ci": [
      2.9420062962339403e-06,
      9.44117604665928e-05
    ],
    "oracle_lb_all_three_wrong": 1.6666666666666667e-05,
    "gate_pf_then_lange": {
      "1.0": 1.6666666666666667e-05,
      "2.0": 1.6666666666666667e-05,
      "3.0": 1.6666666666666667e-05,
      "4.0": 1.6666666666666667e-05
    },
    "gate_pf_then_pm": {
      "1.0": 3.3333333333333335e-05,
      "2.0": 6.666666666666667e-05,
      "3.0": 6.666666666666667e-05,
      "4.0": 6.666666666666667e-05
    },
    "pathfinder_src": "/workspace/pathfinder/train/checkpoints/fixed_d5/best_model.pt",
    "both_wrong_pf_lange": 1,
    "pf_right_lange_wrong": 0,
    "pf_wrong_lange_right": 0
  },
  "d5_p0.001": {
    "d": 5,
    "p": 0.001,
    "n": 60000,
    "pf_ler": 0.0001,
    "pf_ci": [
      4.5831051565521996e-05,
      0.00021817871143605224
    ],
    "lange_ler": 6.666666666666667e-05,
    "lange_ci": [
      2.592524124105787e-05,
      0.00017142212326501735
    ],
    "pm_ler": 0.00011666666666666667,
    "pm_ci": [
      5.651478534297187e-05,
      0.0002408261769063518
    ],
    "majority_ler": 8.333333333333333e-05,
    "majority_ci": [
      3.5595002454494236e-05,
      0.00019508356129933048
    ],
    "oracle_lb_all_three_wrong": 6.666666666666667e-05,
    "gate_pf_then_lange": {
      "1.0": 8.333333333333333e-05,
      "2.0": 6.666666666666667e-05,
      "3.0": 6.666666666666667e-05,
      "4.0": 6.666666666666667e-05
    },
    "gate_pf_then_pm": {
      "1.0": 0.0001,
      "2.0": 0.0001,
      "3.0": 0.0001,
      "4.0": 0.00011666666666666667
    },
    "pathfinder_src": "/workspace/pathfinder/train/checkpoints/fixed_d5/best_model.pt",
    "both_wrong_pf_lange": 4,
    "pf_right_lange_wrong": 0,
    "pf_wrong_lange_right": 2
  },
  "d5_p0.002": {
    "d": 5,
    "p": 0.002,
    "n": 60000,
    "pf_ler": 0.0006166666666666666,
    "pf_ci": [
      0.00044744594229707564,
      0.0008498309973847328
    ],
    "lange_ler": 0.0005666666666666667,
    "lange_ci": [
      0.0004055580169030397,
      0.0007917253250355206
    ],
    "pm_ler": 0.0010666666666666667,
    "pm_ci": [
      0.0008354780385694796,
      0.0013617412808015655
    ],
    "majority_ler": 0.00055,
    "majority_ci": [
      0.00039167232875134703,
      0.0007722798139394637
    ],
    "oracle_lb_all_three_wrong": 0.00035,
    "gate_pf_then_lange": {
      "1.0": 0.00055,
      "2.0": 0.0005666666666666667,
      "3.0": 0.0005666666666666667,
      "4.0": 0.0005666666666666667
    },
    "gate_pf_then_pm": {
      "1.0": 0.0006666666666666666,
      "2.0": 0.00085,
      "3.0": 0.0010166666666666666,
      "4.0": 0.00105
    },
    "pathfinder_src": "/workspace/pathfinder/train/checkpoints/fixed_d5/best_model.pt",
    "both_wrong_pf_lange": 25,
    "pf_right_lange_wrong": 9,
    "pf_wrong_lange_right": 12
  },
  "d5_p0.015": {
    "d": 5,
    "p": 0.015,
    "n": 60000,
    "pf_ler": 0.1944,
    "pf_ci": [
      0.19125304196201515,
      0.19758608863125005
    ],
    "lange_ler": 0.17911666666666667,
    "lange_ci": [
      0.17606900103456888,
      0.18220541984851005
    ],
    "pm_ler": 0.1961,
    "pm_ci": [
      0.19294247632535172,
      0.1992964365911839
    ],
    "majority_ler": 0.17383333333333334,