{
  "d3_p0.003": {
    "d": 3,
    "p": 0.003,
    "n": 60000,
    "pf_ler": 0.00028333333333333335,
    "pf_ci": [
      0.00017691351143143218,
      0.0004537394432953865
    ],
    "pm_ler": 0.00025,
    "pm_ci": [
      0.00015151409828501131,
      0.00041247645794630837
    ]
  },
  "d3_p0.005": {
    "d": 3,
    "p": 0.005,
    "n": 60000,
    "pf_ler": 0.0010166666666666666,
    "pf_ci": [
      0.0007916225979821281,
      0.0013056031236456684
    ],
    "pm_ler": 0.0007833333333333334,
    "pm_ci": [
      0.0005891678637795631,
      0.0010414210683797405
    ]
  },
  "d3_p0.007": {
    "d": 3,
    "p": 0.007,
    "n": 60000,
    "pf_ler": 0.0019666666666666665,
    "pf_ci": [
      0.0016426305573381422,
      0.0023544735214113747
    ],
    "pm_ler": 0.0013333333333333333,
    "pm_ci": [
      0.0010715436261554358,
      0.001658974881179601
    ]
  },
  "d3_p0.01": {
    "d": 3,
    "p": 0.01,
    "n": 60000,
    "pf_ler": 0.003416666666666667,
    "pf_ci": [
      0.00298047719483262,
      0.003916441218471104
    ],
    "pm_ler": 0.002116666666666667,
    "pm_ci": [
      0.0017794304470797658,
      0.0025176544248994978
    ]
  },
  "d3_p0.015": {
    "d": 3,
    "p": 0.015,
    "n": 60000,
    "pf_ler": 0.007166666666666667,
    "pf_ci": [
      0.006522544875244941,
      0.007873893368802419
    ],
    "pm_ler": 0.0047,
    "pm_ci": [
      0.00418353398558845,
      0.0052798867697919855
    ]
  },
  "d5_p0.003": {
    "d": 5,
    "p": 0.003,
    "n": 60000,
    "pf_ler": 1.6666666666666667e-05,
    "pf_ci": [
      2.9420062962339403e-06,
      9.44117604665928e-05
    ],
    "pm_ler": 0.0,
    "pm_ci": [
      6.776263578034403e-21,
      6.402256751507723e-05
    ]
  },
  "d5_p0.005": {
    "d": 5,
    "p": 0.005,
    "n": 60000,
    "pf_ler": 0.00016666666666666666,
    "pf_ci": [
      9.053454319563834e-05,
      0.00030680001679693383
    ],
    "pm_ler": 8.333333333333333e-05,
    "pm_ci": [
      3.5595002454494236e-05,
      0.00019508356129933048
    ]
  },
  "d5_p0.007": {
    "d": 5,
    "p": 0.007,
    "n": 60000,
    "pf_ler": 0.00025,
    "pf_ci": [
      0.00015151409828501131,
      0.00041247645794630837
    ],
    "pm_ler": 0.00011666666666666667,
    "pm_ci": [
      5.651478534297187e-05,
      0.0002408261769063518
    ]
  },
  "d5_p0.01": {
    "d": 5,
    "p": 0.01,
    "n": 60000,
    "pf_ler": 0.0006833333333333333,
    "pf_ci": [
      0.0005037806972401497,
      0.0009268210394326569
    ],
    "pm_ler": 0.00046666666666666666,
    "pm_ci": [
      0.0003229037536969582,
      0.0006743923927551049
    ]
  },
  "d5_p0.015": {
    "d": 5,
    "p": 0.015,
    "n": 60000,
    "pf_ler": 0.0029833333333333335,
    "pf_ci": [
      0.0025776111938766804,
      0.0034526960389855564
    ],
    "pm_ler": 0.00135,
    "pm_ci": [
      0.0010864033121582046,
      0.0016774463944245822
    ]
  },
  "d7_p0.003": {
    "d": 7,
    "p": 0.003,
    "n": 60000,
    "pf_ler": 0.0,
    "pf_ci": [
      6.776263578034403e-21,
      6.402256751507723e-05
    ],
    "pm_ler": 0.0,
    "pm_ci": [
      6.776263578034403e-21,
      6.402256751507723e-05
    ]
  },
  "d7_p0.005": {
    "d": 7,
    "p": 0.005,
    "n": 60000,
    "pf_ler": 3.3333333333333335e-05,
    "pf_ci": [
      9.14105855384399e-06,
      0.00012154390745673226
    ],
    "pm_ler": 3.3333333333333335e-05,
    "pm_ci": [
      9.14105855384399e-06,
      0.00012154390745673226
    ]
  },
  "d7_p0.007": {
    "d": 7,
    "p": 0.007,
    "n": 60000,
    "pf_ler": 0.0001,
    "pf_ci": [
      4.5831051565521996e-05,
      0.00021817871143605224
    ],
    "pm_ler": 3.3333333333333335e-05,
    "pm_ci": [
      9.14105855384399e-06,
      0.00012154390745673226
    ]
  },
  "d7_p0.01": {
    "d": 7,
    "p": 0.01,
    "n": 60000,
    "pf_ler": 0.00028333333333333335,
    "pf_ci": [
      0.00017691351143143218,
      0.0004537394432953865
    ],
    "pm_ler": 3.3333333333333335e-05,
    "pm_ci": [
      9.14105855384399e-06,
      0.00012154390745673226
    ]
  },
  "d7_p0.015": {
    "d": 7,
    "p": 0.015,
    "n": 60000,
    "pf_ler": 0.0010833333333333333,
    "pf_ci": [
      0.0008501282613759306,
      0.001380422257242864
    ],
    "pm_ler": 0.0004,
    "pm_ci": [
      0.0002688235872739304,
      0.0005951477621871348
    ]
  }
}